index,leg,solver,target_x_m,target_y_m,target_z_m,ik_converged,ik_residual_m,foot_error_m,foot_error_x_m,foot_error_y_m,foot_error_z_m,track_coxa_rad,track_femur_rad,track_tibia_rad
0,front_left,analytic,0.17122745441499831,0.1254590956672168,-0.07,1,3.925231146709438e-17,2.3710824834120962e-05,1.572079165285123e-05,1.572078852943304e-05,-8.241160848743156e-06,3.2362003119674764e-11,-0.0002620769517285293,0.0002852502441614835
0,middle_left,analytic,-0.028000502676377464,0.19914952971862737,-0.07,1,2.8609792490763984e-17,2.17214321305713e-05,8.898539937792632e-06,1.7688546969957253e-05,-8.930392313338809e-06,-0.00012094329742029508,-0.00024541452463400226,0.00022339544247640397
0,rear_left,analytic,-0.2283985708553083,0.12828796698693432,-0.07,1,6.798699777552591e-17,2.2635967230003467e-05,9.191490386639689e-06,1.6571803744397373e-05,-1.2380583086724073e-05,-0.0001327816428665085,-0.0001847055968928757,8.354192723569742e-05
0,front_right,analytic,0.16839902775240995,-0.1882875232541207,-0.07,1,2.7755575615628914e-17,2.2785649378332993e-05,1.6622754902384518e-05,9.26064453046771e-06,-1.2534364759647643e-05,0.00013222958559067077,-0.0001820532603801217,7.808029404832162e-05
0,middle_right,analytic,-0.032000502676350476,-0.25914951502580696,-0.07,1,0.0,2.4191603636989256e-05,1.5234440178674147e-05,9.553024984509939e-06,-1.6182868491615432e-05,7.833005757659772e-05,-0.00011792314421188443,-4.8213654907203196e-05
0,rear_right,analytic,-0.2312270106802078,-0.18545955256239846,-0.07,1,2.7755575615628914e-17,2.389405255753547e-05,1.142316139662869e-05,1.1423120968079292e-05,-1.760538095803288e-05,4.683641057440678e-10,-9.194027026970808e-05,-9.737432183010153e-05
1,front_left,analytic,0.17122745441499831,0.14045909566721682,-0.07,1,2.7755575615628914e-17,6.778469292789175e-06,5.364196439539004e-07,-6.755706122407723e-06,-1.4259981251374398e-07,-4.4494871879671716e-05,9.83574563440115e-06,-4.1504851532314646e-05
1,middle_left,analytic,-0.028000502676377464,0.21414952971862738,-0.07,1,2.8609792490763984e-17,6.584800955002771e-06,-2.1971577778001627e-07,-6.579368345804859e-06,-1.5244921849899562e-07,1.4313360667678188e-05,2.4250304345718732e-05,-6.108781972191668e-05
1,rear_left,analytic,-0.2283985708553083,0.1432879669869343,-0.07,1,5.551115123125783e-17,6.735237548596841e-06,-3.961916006933741e-07,-6.723511492778833e-06,-2.91591844836514e-08,3.8995291425203416e-05,1.773131069859879e-05,-3.617572567382599e-05
1,front_right,analytic,0.16839902775240995,-0.17328752325412072,-0.07,1,0.0,6.618237159556661e-06,3.5858506552965963e-07,-6.6079822169384794e-06,-8.396946790667492e-08,-2.359651785269201e-05,-2.8208199251977817e-05,5.9676755824966676e-05
1,middle_right,analytic,-0.032000502676350476,-0.24414951502580695,-0.07,1,2.7755575615628914e-17,6.764997806320318e-06,-1.3496281846270275e-07,-6.763238334067667e-06,-7.475020902258933e-08,7.583684712791916e-06,-3.7755849038312306e-05,7.310045249642183e-05
1,rear_right,analytic,-0.2312270106802078,-0.17045955256239848,-0.07,1,6.798699777552591e-17,6.584737426552168e-06,-3.6554397150889706e-07,-6.574480231558155e-06,-3.680035844111362e-08,2.772728770568389e-05,-2.8089899370087323e-05,5.306333648036343e-05
2,front_left,analytic,0.17122745441499831,0.1554590956672168,-0.07,1,2.7755575615628914e-17,6.73547512384496e-06,4.61158781162041e-07,-6.7186710138444905e-06,-1.1583406328563584e-07,-3.578279988616928e-05,1.726167837423631e-05,-4.830863631610782e-05
2,middle_left,analytic,-0.028000502676377464,0.22914952971862737,-0.07,1,2.7755575615628914e-17,6.558581413571922e-06,-1.8672344926848328e-07,-6.5550387039203795e-06,-1.076666245880542e-07,1.1371462482256955e-05,2.984357574120633e-05,-6.517806932060388e-05
2,rear_left,analytic,-0.2283985708553083,0.15828796698693431,-0.07,1,6.798699777552591e-17,6.729478845012518e-06,-3.949545226700213e-07,-6.7178257663891294e-06,-2.6709978132033463e-08,3.504755270711257e-05,2.1418393235550504e-05,-4.237222098191218e-05
2,front_right,analytic,0.16839902775240995,-0.1582875232541207,-0.07,1,4.8074067159589095e-17,6.5808705964589636e-06,4.0008327309437597e-07,-6.5679820726305405e-06,-9.696739416975575e-08,-2.8849741221637082e-05,-2.3657247676833748e-05,5.5034684251387134e-05
2,middle_right,analytic,-0.032000502676350476,-0.22914951502580697,-0.07,1,3.925231146709438e-17,6.732393275833938e-06,-1.5930730667967907e-07,-6.730009155214711e-06,-8.195836295743497e-08,9.132005089174111e-06,-3.4005500162082036e-05,6.883635622034756e-05
2,rear_right,analytic,-0.2312270106802078,-0.15545955256239846,-0.07,1,0.0,6.561458660966806e-06,-3.7663058852221987e-07,-6.550583122044706e-06,-2.738467726193239e-08,3.116061695829231e-05,-2.4361533553007853e-05,4.7030529737923654e-05
3,front_left,analytic,0.17122745441499831,0.1704590956672168,-0.07,1,4.8074067159589095e-17,6.6859973125812234e-06,4.0084692740083305e-07,-6.673299275755662e-06,-9.464977990258916e-08,-2.902068841359462e-05,2.291348916894087e-05,-5.3750651873518684e-05
3,middle_left,analytic,-0.028000502676377464,0.24414952971862736,-0.07,1,0.0,6.5215601501675355e-06,-1.5986640336529412e-07,-6.519061179488528e-06,-8.385024397039587e-08,9.209961680411993e-06,3.398731236270436e-05,-6.901073146525771e-05
3,rear_left,analytic,-0.2283985708553083,0.17328796698693433,-0.07,1,3.1031676915590914e-17,6.7038113052821195e-06,-3.8689558551352476e-07,-6.69257369426135e-06,-2.9243283322655245e-08,3.12423910102666e-05,2.502546717009224e-05,-4.835615973192153e-05
3,front_right,analytic,0.16839902775240995,-0.1432875232541207,-0.07,1,2.7755575615628914e-17,6.5333175739352225e-06,4.5813994836718663e-07,-6.516117513788444e-06,-1.206600849512629e-07,-3.56147268501944e-05,-1.798489289939198e-05,4.9756243011511714e-05
3,middle_right,analytic,-0.032000502676350476,-0.21414951502580698,-0.07,1,2.8609792490763984e-17,6.697308914228464e-06,-1.8501935297732253e-07,-6.693935754364944e-06,-1.0458799196144675e-07,1.1253691035856273e-05,-2.991738322322135e-05,6.495148542218221e-05
3,rear_right,analytic,-0.2312270106802078,-0.14045955256239845,-0.07,1,6.798699777552591e-17,6.5381218401743005e-06,-3.823717079076694e-07,-6.526884630458918e-06,-2.4618989319380447e-08,3.487979558178256e-05,-2.0757772747126424e-05,4.098277704955855e-05
4,front_left,analytic,0.17122745441499831,0.1854590956672168,-0.07,1,4.8074067159589095e-17,6.63992222136325e-06,3.515276848498061e-07,-6.630149496589244e-06,-7.818596686748336e-08,-2.3810122325440553e-05,2.743019276973957e-05,-5.85069448109099e-05
4,middle_left,analytic,-0.028000502676377464,0.25914952971862737,-0.07,1,5.763878168445254e-17,6.479706317969445e-06,-1.412458887663226e-07,-6.477787435343885e-06,-7.009642316591069e-08,7.6053839782597166e-06,3.7711243565108354e-05,-7.326701179943829e-05
4,rear_left,analytic,-0.2283985708553083,0.1882879669869343,-0.07,1,2.7755575615628914e-17,6.66992762175665e-06,-3.796119817378596e-07,-6.659041795198384e-06,-3.148956326248786e-08,2.7762727096938772e-05,2.873210647280633e-05,-5.441214543835948e-05
4,front_right,analytic,0.16839902775240995,-0.1282875232541207,-0.07,1,0.0,6.480945185537996e-06,5.250089977759664e-07,-6.457930240427734e-06,-1.4883904048135221e-07,-4.442756046206016e-05,-1.0452634320312626e-05,4.32446742917314e-05
4,middle_right,analytic,-0.032000502676350476,-0.19914951502580697,-0.07,1,3.1031676915590914e-17,6.663223080758496e-06,-2.213874602391419e-07,-6.6580205065058795e-06,-1.4245122445522007e-07,1.418787971069202e-05,-2.4605266289334793e-05,6.095599246347394e-05
4,rear_right,analytic,-0.2312270106802078,-0.12545955256239846,-0.07,1,4.8074067159589095e-17,6.523729498137349e-06,-3.869460742933484e-07,-6.512210062536994e-06,-2.096191423217597e-08,3.87812869084847e-05,-1.7166464808093806e-05,3.4766547940434656e-05
