trial,condition,group,speed_label,rep,t_command,warmup_s,distance_m,stance_m,step_m,cadence_scale,posture_control,scenario,surface_mu,soft,slope_deg,obstacle_h_m,ground_x,ground_y,ground_z,start_x,start_y,start_yaw_deg,torque_msgs,contact_msgs,imu_msgs,snapshots,start_height_mm,rtf,gait,speed_cmd_m_s,n_samples,success,fell,fall_reason,time_to_goal_s,time_limit_s,window_s,progress_m,speed_m_s,speed_ratio,lateral_drift_m,yaw_drift_deg,roll_rms_deg,pitch_rms_deg,tilt_max_deg,body_z_min_m,roll_mean_deg,pitch_mean_deg,pitch_abs_max_deg,tilt_rel_max_deg,att_err_roll_rms_deg,att_err_pitch_rms_deg,att_err_max_deg,posture_roll_mean_deg,posture_pitch_mean_deg,ssm_min_m,ssm_mean_m,ssm_p5_m,ssm_negative_frac,planned_ssm_min_m,ssm_contact_min_m,contact_feet_mean,support_feet_mean,stance_feet_planned_mean,stance_count,centre_slip_mean_m,slip_mean_m,slip_max_m,slip_per_m,energy_j,cot,qd_peak_coxa_rad_s,qd_peak_coxa_pct,tau_peak_coxa_nm,tau_peak_coxa_pct,tau_p95_coxa_pct,tau_sat_coxa_frac,qd_peak_femur_rad_s,qd_peak_femur_pct,tau_peak_femur_nm,tau_peak_femur_pct,tau_p95_femur_pct,tau_sat_femur_frac,qd_peak_tibia_rad_s,qd_peak_tibia_pct,tau_peak_tibia_nm,tau_peak_tibia_pct,tau_p95_tibia_pct,tau_sat_tibia_frac
tripod_nominal_h010_01,tripod_nominal_h010,tripod_nominal,common,1,14.058000000000002,0.95,0.8,0.1,0.02,1.0,False,"{""height_m"": 0.01, ""type"": ""obstacle""}",,,0.0,0.01,-5.45,-1.4,0.0,-5.459535514630027,-1.408060354263435,1.885354443565682,59364,61362,6595,132,116.31735396590298,0.9812450766426036,tripod,0.025,3297,False,False,,nan,64.0,64.96000000000001,0.3429629103131542,0.005279601451865058,0.2111840580746023,-0.005136262346081012,-0.23755854721370945,0.6098380148563194,1.1740789666993992,2.8698274882263712,0.11516588127667175,-0.007035697697320327,0.24183486727853942,2.8698274882263712,2.8698274882263712,0.20352926065747526,0.3006520738014514,1.6073801776407148,0.0,0.0,-0.0059241763530364245,0.03381189675875351,-0.004027064183133642,0.3638042474607572,0.09761535161603126,-0.10012095256777488,2.4192059095106186,2.940289319790705,3.0,111,0.0011489968817727301,0.0014409189390687074,0.034201735684572104,0.4663013525781983,100.81288592355332,7.226689002761649,0.3813510256031082,10.447973304194745,3.288680119984566,99.95988206640018,26.03404052047558,0.000666871858007592,0.6687580283042327,18.3221377617598,3.319459582230763,100.89542803133017,94.78735024636022,0.007694675284702986,0.5822696315691825,15.952592645731029,3.307594219045612,100.5347786943955,80.36375196754263,0.0046168051708217915
tripod_nominal_h010_02,tripod_nominal_h010,tripod_nominal,common,2,91.003,0.95,0.8,0.1,0.02,1.0,False,"{""height_m"": 0.01, ""type"": ""obstacle""}",,,0.0,0.01,-5.45,-1.4,0.0,-5.466323362314596,-1.3959959789613738,1.371363160870768,59364,61312,6596,132,116.31735396587179,0.9845270638957593,tripod,0.025,3298,False,False,,nan,64.0,64.98,0.348683878331189,0.005366018441538766,0.21464073766155062,-0.00735492213369547,-1.1896614583275609,0.6071939118963122,1.2414072266432095,2.8622954727010046,0.11516861901988805,-0.00031601681689145657,0.30431019025422756,2.8622954727010046,2.8622954727010046,0.23265606009979362,0.36630667126016564,2.055628282865124,0.0,0.0,-0.006063672215245912,0.03429536861543967,-0.004035761180708821,0.3283076923076923,0.09763479933852132,-0.007178079883008928,2.44,2.9753846153846153,3.0,120,0.0011069394951293623,0.0014369671778543915,0.03749467968921065,0.49442410102456347,99.96264990341774,7.047392660749853,0.3799706266609975,10.410154155095823,3.29356432185615,100.1083380503389,26.434898958418028,0.00046153846153846153,0.8373362821638938,22.94072005928476,3.320406799686573,100.92421883545813,94.76599924489811,0.008153846153846154,0.6925032978350819,18.972693091372108,3.3081484641118943,100.55162504899374,80.33059534265853,0.004820512820512821
tripod_high_h010_01,tripod_high_h010,tripod_high,common,1,169.80100000000002,1.5029,0.8,0.135,0.05,1.582,False,"{""height_m"": 0.01, ""type"": ""obstacle""}",,,0.0,0.01,-5.45,-1.4,0.0,-5.462483957065336,-1.4177941349066772,-1.3501837925637714,33246,39093,3694,74,151.317914688139,0.9779186641474434,tripod,0.025,1848,True,False,,35.04000000000002,64.0,35.04000000000002,0.8003800029760618,0.022841895062102206,0.9136758024840882,-0.00038566415283114094,-0.4215415374404293,0.7861101820238517,1.089413866428264,2.0137341983427417,0.14973104686466648,0.005506818572242704,0.09333232150528861,2.0137341983427417,2.0137341983427417,0.21435405459460924,0.29472038317642335,1.2917540289088907,0.0,0.0,-0.006196194977568608,0.10176595249871233,-0.0016399765812983857,0.05818596691386195,0.0944978831833228,-0.10799227474653142,3.0456360524814605,3.354820308043354,3.0,144,0.0007220076280452677,0.0009818110280308703,0.0025855622826330823,0.17664205889428322,64.08578784639943,1.9687230190044633,0.44142377728966287,12.09380211752501,3.2954754134924378,100.16642594201939,42.2845768242173,0.0002852253280091272,1.1278150184244464,30.899041600669765,3.3527382226003324,101.90693685715296,89.05170838394164,0.041833048108005325,1.0773863193318118,29.51743340635101,3.3533519855470426,101.92559226586756,63.4450993508425,0.002091652405400266
tripod_high_h010_02,tripod_high_h010,tripod_high,common,2,216.45600000000002,1.5029,0.8,0.135,0.05,1.582,False,"{""height_m"": 0.01, ""type"": ""obstacle""}",,,0.0,0.01,-5.45,-1.4,0.0,-5.443702679404977,-1.397509373488783,-2.0996264201679833,33300,37976,3700,75,151.31749893530238,0.978234129522049,tripod,0.025,1851,True,False,,35.079999999999984,64.0,35.079999999999984,0.8001428446733511,0.022809089072786528,0.912363562911461,0.00185176460405383,-0.2832977489771375,0.7856923947789203,1.092344177369891,1.9911665666295668,0.1497034702132836,-0.005590823035933691,0.0780754317722452,1.9911665666295668,1.9911665666295668,0.23183433031703723,0.2563370652204705,1.3843998800421804,0.0,0.0,-0.006264934311308799,0.10149975451622421,-0.0016321052207816115,0.05811965811965812,0.09450507979087236,-0.1083351846676651,3.03988603988604,3.344159544159544,3.0,141,0.0007025405406980301,0.000984009593968851,0.0022165686240607062,0.17340026486291102,63.45441804888577,1.949900039144799,0.4408919391053562,12.079231208365924,3.2839782100186112,99.8169668698666,42.487762821590884,0.0004748338081671415,1.2825925294365186,35.13952135442517,3.3513851908918895,101.8658112733097,88.44736120187295,0.04055080721747389,1.3787600602875116,37.77424822705511,3.352372149502608,101.89581001527684,63.582517240529185,0.0012345679012345679
tripod_high_h010_03,tripod_high_h010,tripod_high,common,3,263.35900000000004,1.5029,0.8,0.135,0.05,1.582,False,"{""height_m"": 0.01, ""type"": ""obstacle""}",,,0.0,0.01,-5.45,-1.4,0.0,-5.452694768367809,-1.393228108057019,-0.46329196037923315,33300,37691,3700,75,151.31774610087393,0.977859546802623,tripod,0.025,1851,True,False,,35.079999999999984,64.0,35.079999999999984,0.8001773885956184,0.0228100737912092,0.9124029516483679,0.00036211539883249967,0.11077077348643098,0.7862901243680208,1.094394932317502,2.325630269825987,0.1497025530103878,0.03865494007622557,0.09496340677126328,2.325630269825987,2.325630269825987,0.25211421818704316,0.3066130696185478,1.4367232236649248,0.0,0.0,-0.006074668853977672,0.10096237334600798,-0.001709141172831794,0.05754985754985755,0.09451693559787082,-0.10834258368303006,3.0324786324786324,3.352136752136752,3.0,144,0.0007915446911331489,0.0010071141041275626,0.004369010876645682,0.18124033272008766,62.71901524032157,1.9272235007446645,0.44515259814775593,12.195961593089203,3.299510096817816,100.28906069355064,42.2602410824208,0.0001899335232668566,1.3053469310464465,35.76292961771086,3.3290348330691564,101.18646909024791,91.1966941652104,0.04245014245014245,1.4040323091734026,38.46663860749049,3.3370342834109272,101.42961347753578,63.57458011726761,0.0018043684710351377
tripod_high_h010_04,tripod_high_h010,tripod_high,common,4,310.12,1.5029,0.8,0.135,0.05,1.582,False,"{""height_m"": 0.01, ""type"": ""obstacle""}",,,0.0,0.01,-5.45,-1.4,0.0,-5.444672624029035,-1.3813025619002528,1.0983889338577517,33372,38304,3708,75,151.31774610087487,0.9790013423357861,tripod,0.025,1855,True,False,,35.139999999999986,64.0,35.139999999999986,0.8000689296262073,0.0227680401145762,0.910721604583048,0.004114423061006312,0.8191438778780955,0.7836713008238635,1.0952291739098916,2.0006614349317404,0.1497202388661569,0.02916505413348045,0.07097266740356573,2.0006614349317404,2.0006614349317404,0.23621590555111235,0.2905953548672375,1.3341370910448207,0.0,0.0,-0.006032519700077067,0.10173183700516818,-0.0015670719465989678,0.055745164960182024,0.09449549464179946,-0.10821774325406347,3.039249146757679,3.3532423208191124,3.0,141,0.0007402799684686241,0.0010059208562654936,0.003000156263209268,0.1772759321393305,63.25416730574714,1.9439055811131405,0.4438858755204332,12.161256863573513,3.291634469305955,100.04967991811414,42.05837534831463,9.480470231323473e-05,1.278100209041205,35.016444083320685,3.3565051831955413,102.0214341396821,88.42204886895516,0.04057641259006447,1.376123569486522,37.702015602370466,3.3568283259079905,102.03125610662586,63.504062094299414,0.0018960940462646946
tripod_high_h010_05,tripod_high_h010,tripod_high,common,5,357.01300000000003,1.5029,0.8,0.135,0.05,1.582,False,"{""height_m"": 0.01, ""type"": ""obstacle""}",,,0.0,0.01,-5.45,-1.4,0.0,-5.454335006676799,-1.412509897211196,-0.9242360065696015,33282,37929,3699,74,151.3174989352925,0.9769784306283591,tripod,0.025,1850,True,False,,35.06,64.0,35.06,0.8001490799946914,0.02282227837976872,0.9128911351907488,-0.0007885952583905134,-0.5081498514259463,0.7856644112386151,1.0893102069735932,1.9967612735669644,0.14970487303318933,0.005000896584818438,0.09230017474249791,1.9967612735669644,1.9967612735669644,0.23830887461174452,0.26147862127700255,1.4321566423614676,0.0,0.0,-0.005951832330749429,0.10249745142031477,-0.0015954980242159117,0.055872291904218926,0.0945099031299509,-0.10817037126002492,3.0507411630558723,3.372862029646522,3.0,144,0.0007347264495401556,0.0009659824837553246,0.0019903476007786455,0.17384436673359213,63.996489120872155,1.9665464064090428,0.441012982353625,12.08254746174315,3.295209162929183,100.158333219732,42.15218881692546,0.00028506271379703536,1.3769037872985077,37.72339143283583,3.3415885486483248,101.5680409923503,88.87140764950426,0.041239072595971114,1.4761344449127918,40.44203958665183,3.336973168509569,101.42775588174982,63.17353831372295,0.0015203344735841885
tripod_high_h020_01,tripod_high_h020,tripod_high,common,1,403.91200000000003,1.5029,0.8,0.135,0.05,1.582,False,"{""height_m"": 0.02, ""type"": ""obstacle""}",,,0.0,0.02,-5.45,-1.4,0.0,-5.449557361057217,-1.3843516236199767,1.653383654836137,58410,62370,6491,130,151.3175094198911,0.9817564073409607,tripod,0.025,3246,True,False,,62.97999999999996,64.0,62.97999999999996,0.8003441606229673,0.012707909822530452,0.508316392901218,0.16463511565023525,23.395165760451547,1.4254920084996712,2.539010072466059,5.747068653594518,0.14971615984338218,0.24906351253974165,0.4488423798586966,5.747068653594518,5.747068653594518,0.4755663531786308,0.590411385595198,3.1894372181197466,0.0,0.0,-0.10509009342982308,0.06595431452219425,-0.005009656638329858,0.18126984126984128,0.09449668826411571,-0.10937564126554403,2.7723809523809524,3.2285714285714286,3.0,217,0.0017883578893144983,0.0019777870932735815,0.027488217396903228,0.5252463678046717,172.35617547367923,5.186445345437874,0.4501272321895066,12.332252936698811,3.3133065832098865,100.70840678449503,41.41143928452641,0.0017989417989417989,2.1217882052564856,58.131183705657136,3.386253863065186,102.92564933328832,100.00111024574599,0.08878306878306878,1.8449154607366092,50.54562906127696,3.3688950060677474,102.39802450053944,69.14401480937163,0.004232804232804233
tripod_high_h020_02,tripod_high_h020,tripod_high,common,2,480.009,1.5029,0.8,0.135,0.05,1.582,False,"{""height_m"": 0.02, ""type"": ""obstacle""}",,,0.0,0.02,-5.45,-1.4,0.0,-5.457274135975386,-1.383031324139727,-0.17454068750545493,59310,64295,6591,132,151.31749781742235,0.9801896119070909,tripod,0.025,3296,True,False,,63.940000000000055,64.0,63.940000000000055,0.8002741620036216,0.012516017547757599,0.500640701910304,0.20861116494936974,29.77506978512788,1.4198019023730883,2.5380727557144804,5.756329402149334,0.14973103805369475,0.3034652248645417,0.512176192960486,5.756329402149334,5.756329402149334,0.4679211414636402,0.5632567448970364,2.5992494427983672,0.0,0.0,-0.011585737052799472,0.06663037489767347,-0.004927429640546635,0.18198874296435272,0.09451111214177473,-0.10922766387423764,2.8008130081300813,3.221701063164478,3.0,219,0.0019065082994638102,0.002152772084762079,0.022261334962064738,0.5700693043032747,178.91720686892864,5.319327990511953,0.4494167702779928,12.312788226794323,3.3031868010262375,100.40081462085828,41.37772448137448,0.0015634771732332708,2.513489497700804,68.86272596440558,3.404470362507942,103.47934232546936,100.01294719246286,0.09255784865540963,2.4901264968203014,68.22264374850141,3.3963541456241533,103.23264880316576,69.67221526066429,0.004117156556180946
tripod_high_h020_03,tripod_high_h020,tripod_high,common,3,557.5110000000001,1.5029,0.8,0.135,0.05,1.582,False,"{""height_m"": 0.02, ""type"": ""obstacle""}",,,0.0,0.02,-5.45,-1.4,0.0,-5.442249646311911,-1.4157117076618564,-2.372738649402351,58032,63920,6449,129,151.31749781743358,0.9797330467318556,tripod,0.025,3225,True,False,,62.539999999999964,64.0,62.539999999999964,0.8002917598703438,0.012796478411741995,0.5118591364696797,-0.18266137277239197,-26.17754327141465,1.4075005612828742,2.562068367464739,5.760405248633025,0.1497103916348345,-0.25206783782270953,0.5329310465259733,5.760405248633025,5.760405248633025,0.47337997651371916,0.5808503666994542,2.7298100963514567,0.0,0.0,-0.012110127153085867,0.06596180570728977,-0.005014117454248766,0.17742966751918157,0.09449788457480983,-0.10883905225836742,2.8040281329923276,3.2103580562659846,3.0,215,0.001985961883974212,0.002175391661854563,0.02477012604034135,0.5697706558086717,175.24571547876883,5.249171223886608,0.4473210582521914,12.255371458964147,3.306952504248566,100.51527368536674,42.47166149469312,0.0020780051150895143,2.046438609259471,56.06681121258825,3.4017437267836104,103.3964658596842,100.00676414413478,0.0930839727195226,1.7818862069160346,48.8188001894804,3.3937718845549134,103.1541606247694,69.75995887528113,0.00538150042625746
tripod_high_h020_04,tripod_high_h020,tripod_high,common,4,633.171,1.5029,0.8,0.135,0.05,1.582,False,"{""height_m"": 0.02, ""type"": ""obstacle""}",,,0.0,0.02,-5.45,-1.4,0.0,-5.461923702098822,-1.3846220130524682,1.0788687689075016,59166,65045,6575,132,151.3174522023863,0.9792730646005885,tripod,0.025,3288,True,False,,63.780000000000086,64.0,63.780000000000086,0.8002875600258347,0.01254762558836365,0.5019050235345459,0.18126564716074786,26.563942362985365,1.4272420841594473,2.538653584623966,5.742806539317474,0.14972402973706536,0.2651835054898238,0.545789413875464,5.742806539317474,5.742806539317474,0.4981730419344003,0.5821329366679254,2.544028675994504,0.0,0.0,-0.10505436137625404,0.06504138032559018,-0.005249173577884958,0.18934169278996865,0.09449549464597531,-0.10910103203929038,2.776175548589342,3.2128526645768023,3.0,214,0.0018032359590321617,0.002029557146945891,0.01775005813934624,0.5293039494239165,176.5041210662633,5.288884684715698,0.45590676112367545,12.490596195169191,3.306964850040232,100.51564893739307,41.62759962701892,0.001671891327063741,2.2855723448410004,62.61842040660275,3.3566591741664555,102.02611471630563,100.00354712985508,0.08996865203761756,2.25583677266668,61.803747196347395,3.3614201454611665,102.17082509000505,69.46160480431584,0.0035005224660397075
tripod_high_h020_05,tripod_high_h020,tripod_high,common,5,710.388,1.5029,0.8,0.135,0.05,1.582,False,"{""height_m"": 0.02, ""type"": ""obstacle""}",,,0.0,0.02,-5.45,-1.4,0.0,-5.436030547055423,-1.3942225492317792,-0.5607456139467812,59814,64728,6647,133,151.31750915668218,0.9796773982339295,tripod,0.025,3324,False,False,,64.46000000000004,64.0,64.46000000000004,0.8001448316107751,0.012413044238454463,0.4965217695381785,0.20892834888672226,28.110357794190755,1.4341475897661846,2.5328466213220455,5.745416082345558,0.14973393087792583,0.29213580221899405,0.5388774444599085,5.745416082345558,5.745416082345558,0.4258753866636107,0.5761030599084251,2.530055963251051,0.0,0.0,-0.011623066449205386,0.06562143753595434,-0.005087013195488165,0.18765508684863524,0.09450990313579435,-0.10902509002555523,2.7813275434243176,3.2115384615384617,3.0,221,0.0017261225925321038,0.0019753317658646793,0.01756793482433151,0.527887622165912,178.76352733050618,5.31504865246406,0.44736261778863134,12.256510076400858,3.307394975109758,100.52872264771301,41.828831994953944,0.001964433416046319,1.8638562182740328,51.06455392531596,3.374070983070892,102.5553490295104,99.99597102865353,0.08850289495450786,1.7227662693976842,47.19907587390916,3.363313323794273,102.2283685043852,69.46568466245824,0.004704301075268817
tripod_high_h030_01,tripod_high_h030,tripod_high,common,1,792.844,1.5029,0.8,0.135,0.05,1.582,False,"{""height_m"": 0.03, ""type"": ""obstacle""}",,,0.0,0.03,-5.45,-1.4,0.0,-5.449336872235,-1.3962622592897636,2.172707909445769,59868,73187,6651,134,151.31791468814015,0.8844303761792809,tripod,0.025,3326,False,False,,nan,64.0,64.98000000000002,0.05009133944154196,0.0007708731831570013,0.030834927326280053,0.01380794492726047,-1.4422039091350234,0.40154564030776485,1.333588533939588,3.527840399642986,0.14974744909546645,-0.005957492203230279,-1.0476179488192772,3.527840399642986,3.527840399642986,0.7601355238662164,0.9293942101247098,4.284699409142463,0.0,0.0,-0.11398735750530052,0.07659000409802375,-0.0018753327210820274,0.20707692307692308,0.09450027690976619,-0.26256854282173253,2.4326153846153846,3.333846153846154,3.0,311,0.006573669231340305,0.006950130367037176,0.03460549386835438,41.59943310686695,116.02321178985372,54.90325936727656,0.8895949601044443,24.372464660395735,3.3324577727043927,101.29050980864415,34.42620839713223,0.004615384615384616,6.228484902418448,170.6434219840671,3.455439555845315,105.02855792842902,49.3432826787793,0.013076923076923076,5.252645549679793,143.90809725150118,3.4649507005624876,105.31765047302395,67.8584302269169,0.019846153846153847
tripod_high_h030_02,tripod_high_h030,tripod_high,common,2,870.575,1.5029,0.8,0.135,0.05,1.582,False,"{""height_m"": 0.03, ""type"": ""obstacle""}",,,0.0,0.03,-5.45,-1.4,0.0,-5.452472553353635,-1.3843103956013343,0.6823016304155234,59850,72126,6650,133,151.31775746408326,0.8725398300109843,tripod,0.025,3325,False,False,,nan,64.0,64.9799999999999,0.04208080656698607,0.0006475962845027105,0.02590385138010842,-0.006439180759480802,0.21013763316300943,0.3939494534386706,1.3548517482476803,3.5312958674061496,0.14971508789486576,-0.004781207820546061,-1.0597130179029328,3.5312958674061496,3.5312958674061496,0.7793166901419551,0.8860330671927864,4.166848315249479,0.0,0.0,-0.11433233023483474,0.07413005908327977,-0.0018172415568800946,0.21723076923076923,0.09449788319172157,-0.26240233810251734,2.416,3.273846153846154,3.0,310,0.006335778677172864,0.006705470842276277,0.0332079578206181,48.829360856160925,111.2018974445962,64.22756193674991,1.507847384920937,41.31088725810787,3.3332919322619845,101.31586420249194,27.18937169004127,0.003076923076923077,5.97270956296688,163.63587843744878,6.407330900776265,194.75169911174055,43.10946988039112,0.010615384615384615,5.130242836339661,140.55459825588113,3.462764159877382,105.25119026982924,63.6931231283986,0.016307692307692308
ripple_nominal_h010_01,ripple_nominal_h010,ripple_nominal,common,1,949.3090000000001,1.3,0.8,0.1,0.02,1.0,False,"{""height_m"": 0.01, ""type"": ""obstacle""}",,,0.0,0.01,-5.45,-1.4,0.0,-5.436825754967737,-1.40007775780331,1.1551087909798408,59670,56943,6630,133,116.31739801677092,0.984011042798861,ripple,0.025,3315,False,False,,nan,64.0,64.98000000000002,0.3162433973662922,0.004866780507329826,0.19467122029319303,-0.004022992087505435,-0.7077006835185791,0.5343959320046154,1.4651665841735542,2.749173524242442,0.11621932375437612,0.0020117087688181633,0.6899224316946182,2.749173524242442,2.749173524242442,0.2898474084985296,0.32696110377334264,1.4492514137341392,0.0,0.0,-0.00743115630978672,0.010630537882445865,-0.005443925526901942,0.43353846153846154,0.10052479508770525,-0.008595541757758849,2.275076923076923,2.750769230769231,4.0,89,0.00413946515244226,0.0037577725703427044,0.03497309423849437,1.0574598669874384,78.32055462544497,6.0888927010502885,0.6376330315931674,17.469398125840204,3.307479826414474,100.53130171472564,9.921169349181861,0.000358974358974359,0.7279934406968022,19.945025772515127,3.3199636813368776,100.91075019261027,95.09444254937215,0.027897435897435898,0.7883237483617477,21.597910914020485,3.302588140972674,100.38261826664663,81.5366577960498,0.000717948717948718
ripple_nominal_h010_02,ripple_nominal_h010,ripple_nominal,common,2,1026.9350000000002,1.3,0.8,0.1,0.02,1.0,False,"{""height_m"": 0.01, ""type"": ""obstacle""}",,,0.0,0.01,-5.45,-1.4,0.0,-5.456438985014028,-1.3990868598430493,-1.7026596538859133,59670,57262,6630,133,116.31739614913805,0.984590485704534,ripple,0.025,3315,False,False,,nan,64.0,64.98000000000002,0.3359714777068279,0.005170382851751736,0.20681531407006945,-0.0017544228112708442,3.4775241868484947,0.5320868542513758,1.4526391142272101,2.7187425107213183,0.11622026798511659,0.009211563623870185,0.6653582319176637,2.7187425107213183,2.7187425107213183,0.2595225966061158,0.3707851537940669,1.7379663535153673,0.0,0.0,-0.007510794049184355,0.012101009356686687,-0.005398017642991325,0.43846153846153846,0.10057262897980616,-0.008581301587671413,2.2775384615384615,2.7695384615384615,4.0,90,0.003889162935639661,0.003518303306133857,0.03493161422008775,0.9424698266908923,78.47264664616964,5.742872057597986,0.6415995093731468,17.578068749949228,3.310512784872307,100.62348890189382,10.198887062701248,0.0006153846153846154,0.7318255921292723,20.05001622271979,3.3200839091538232,100.91440453355087,95.05337542516517,0.02651282051282051,0.8793043125376517,24.090529110620597,3.304278172250695,100.43398699850138,81.40479257678751,0.0010769230769230769
ripple_high_h010_01,ripple_high_h010,ripple_high,common,1,1106.2140000000002,2.197,0.8,0.135,0.05,1.69,False,"{""height_m"": 0.01, ""type"": ""obstacle""}",,,0.0,0.01,-5.45,-1.4,0.0,-5.465971855919261,-1.418455834803161,1.2116968583159369,31770,33588,3531,71,151.31750915668567,0.9806123145674348,ripple,0.025,1766,True,False,,32.72000000000003,64.0,32.72000000000003,0.8003541261834192,0.02446070067797734,0.9784280271190935,-0.005093679355767938,-0.9753236284905376,0.7921159661839366,1.3427418674384526,2.6325249249367437,0.15128082918182315,-0.02999805820260798,-0.05200194480301272,2.6325249249367437,2.6325249249367437,0.31368654728786266,0.31418596118110426,1.5505317324259107,0.0,0.0,-0.009109789320370683,0.04798705591852176,-0.003724559767479017,0.19975565058032987,0.09912257406605304,-0.10604272977950545,2.5381795968234577,3.287721441661576,4.0,91,0.0016680579277926389,0.0009990166851517018,0.00485407203714708,0.11358556707209738,43.04741300206621,1.3224377712944824,0.7500161841895897,20.548388607933965,3.3071277184710226,100.52059934562378,26.292674120746746,0.0008144980655670943,1.2153578543747967,33.2974754623232,3.3446983402390487,101.66256353310179,99.94367856258926,0.09071472205253513,1.3030181760245032,35.69912811026036,3.32435403776247,101.04419567667082,87.451171087732,0.0030543677458766036
ripple_high_h010_02,ripple_high_h010,ripple_high,common,2,1151.1960000000001,2.197,0.8,0.135,0.05,1.69,False,"{""height_m"": 0.01, ""type"": ""obstacle""}",,,0.0,0.01,-5.45,-1.4,0.0,-5.451742775164738,-1.3840906341162729,2.011099228153678,32112,33316,3568,72,151.3174978174274,0.9806240165358459,ripple,0.025,1785,True,False,,33.09999999999991,64.0,33.09999999999991,0.8004536651763584,0.024182890186596997,0.9673156074638798,0.006187589249832509,0.7090175590595118,0.7980325373765019,1.3137493990054387,2.632113626113344,0.15125780741952163,0.01313745027306948,-0.05115457297118301,2.632113626113344,2.632113626113344,0.36988855808922544,0.32754604126898185,1.6365578487026755,0.0,0.0,-0.0095766349000392,0.04571342056627165,-0.003821668476435197,0.2246376811594203,0.09907414084323148,-0.10590323249731472,2.5410628019323673,3.245169082125604,4.0,90,0.0016947672267638204,0.001025891356780079,0.0035366887649795693,0.1153439201764855,42.927842304362386,1.3185878167366296,0.7501894565099421,20.553135794792937,3.287493933474488,99.92382776518201,25.864812220984607,0.00010064412238325282,1.164031090437023,31.891262751699262,3.347720920128168,101.75443526225435,99.93282094798275,0.0889694041867955,1.2980828314776551,35.56391319116863,3.295715750048648,100.17373100451819,86.84489695140523,0.002113526570048309
ripple_high_h010_03,ripple_high_h010,ripple_high,common,3,1196.652,2.197,0.8,0.135,0.05,1.69,False,"{""height_m"": 0.01, ""type"": ""obstacle""}",,,0.0,0.01,-5.45,-1.4,0.0,-5.454596194620768,-1.381052849211791,0.5523720664701879,31860,33180,3541,71,151.31755365402412,0.9809092950865435,ripple,0.025,1771,True,False,,32.820000000000164,64.0,32.820000000000164,0.8003901459232743,0.02438726830966698,0.9754907323866792,-0.002361024847541607,-0.7765744131902661,0.7814581351564158,1.3391735247410659,2.6323690583650214,0.15127211141589397,-0.015322657493503804,-0.0540759782444587,2.6323690583650214,2.6323690583650214,0.31963306773240624,0.3550639801418445,1.869245678205363,0.0,0.0,-0.009432478778085944,0.04999767831197015,-0.0036512124533206332,0.1967113276492083,0.09907414084165887,-0.10611248036352107,2.548721071863581,3.302679658952497,4.0,94,0.001657991299141614,0.0010312235394933803,0.005281163638759706,0.12110917590056527,42.98374854682007,1.3204435385494528,0.7512819162844375,20.583066199573633,3.3083652764742952,100.55821509040412,26.717474901763616,0.0009135200974421437,1.2610158846825499,34.54838040226164,3.3444795244889614,101.65591259844868,99.93468419868753,0.08627689809175802,1.301103480594831,35.646670701228246,3.34464671939596,101.66099451051551,87.54810063820439,0.0031465692245229394
ripple_high_h010_04,ripple_high_h010,ripple_high,common,4,1241.642,2.197,0.8,0.135,0.05,1.69,False,"{""height_m"": 0.01, ""type"": ""obstacle""}",,,0.0,0.01,-5.45,-1.4,0.0,-5.439364667431389,-1.4037122256608157,-1.8229805281903684,31698,32607,3522,71,151.31750941989318,0.9814924052708284,ripple,0.025,1762,True,False,,32.6400000000001,64.0,32.6400000000001,0.8005551539700175,0.024526812315257815,0.9810724926103126,0.002299952436575308,-0.47888021402140957,0.7656617828840201,1.3302109550327785,2.6015132972882413,0.15125539257543982,-0.040646004670267466,-0.06811852721472876,2.6015132972882413,2.6015132972882413,0.2927242286999063,0.34724284734284916,1.3374444183475809,0.0,0.0,-0.009244178621290622,0.05020058634859366,-0.003607149059879944,0.19595835884874463,0.09907414084008023,-0.105250879147991,2.568891610532762,3.3233312921004288,4.0,91,0.001695522946837308,0.0010434053417121955,0.003633152040490133,0.11860456306796352,42.034441431951194,1.291015338199491,0.7498616374995717,20.54415445204306,3.2972601016510303,100.22067178270609,25.995310246302946,0.0005103082261686059,1.1746225039952103,32.1814384656222,3.344336321929524,101.6515599370676,99.91940477485215,0.08266993263931414,1.2985957722098824,35.577966361914584,3.340052650063293,101.52135714478094,86.50222668846673,0.003061849357011635
ripple_high_h010_05,ripple_high_h010,ripple_high,common,5,1286.672,2.197,0.8,0.135,0.05,1.69,False,"{""height_m"": 0.01, ""type"": ""obstacle""}",,,0.0,0.01,-5.45,-1.4,0.0,-5.463128919396727,-1.4127517509507603,0.6228331035746315,32130,32172,3571,72,151.31749893529098,0.9808426331603262,ripple,0.025,1786,True,False,,33.11999999999989,64.0,33.11999999999989,0.8002448455798328,0.024161982052531263,0.9664792821012504,0.006739402547156742,0.2807215995671543,0.7929978801464294,1.3099495580574707,2.630074030235615,0.15129067286443507,0.018104667893373536,-0.05989455619622389,2.630074030235615,2.630074030235615,0.26898937603432993,0.3343326789385034,1.5123746678905505,0.0,0.0,-0.00888281907330708,0.047607731303751455,-0.0036891091883079273,0.21062160531080265,0.09909835721576442,-0.10597283066205097,2.5371152685576344,3.2576946288473145,4.0,90,0.0016388898176011,0.0009912857529849868,0.004634494442676506,0.11148157296383632,42.61388387542158,1.3092784010632113,0.7465934016699438,20.454613744382023,3.302883816391408,100.39160536144097,26.48413314844495,0.0005029169181251257,1.2838330631654773,35.17350857987609,3.334676605586145,101.3579515375728,99.93582033556139,0.08750754375377187,1.2929760957493028,35.42400262326857,3.3320864915520727,101.27922466723626,87.36015543918298,0.003621001810500905
ripple_high_h020_01,ripple_high_h020,ripple_high,common,1,1332.1490000000001,2.197,0.8,0.135,0.05,1.69,False,"{""height_m"": 0.02, ""type"": ""obstacle""}",,,0.0,0.02,-5.45,-1.4,0.0,-5.465494685795547,-1.419203570046503,1.9979817851305233,53712,55436,5969,120,151.31745220239512,0.9814139104951854,ripple,0.025,2985,True,False,,57.100000000000136,64.0,57.100000000000136,0.800474023555504,0.014018809519360808,0.5607523807744322,0.07982782428233756,12.927041911383773,1.4375965626077782,3.2787893659355887,5.377986497209106,0.15123366196037852,0.2219564033755983,0.11142673216524684,5.377986497209106,5.377986497209106,0.4152430639261557,0.5817524983535591,2.795208869861275,0.0,0.0,-0.013682786111197472,0.033864716369374374,-0.006454633415594638,0.21008403361344538,0.09907414083693503,-0.10570571986725143,2.570728291316527,3.1582633053221287,4.0,142,0.003796569376546307,0.003295524380337704,0.03249202612714217,0.5817236530155326,114.9856654168131,3.5145257013901294,0.9105779784083775,24.947341874202124,3.323714698525829,101.0247628731255,29.58492874017028,0.009395424836601307,2.9885427494550942,81.87788354671491,3.4038210869345393,103.45960750560909,99.99337422434309,0.14554154995331467,3.08750612820621,84.58920899195095,3.393642364116251,103.15022383332071,79.73449763324993,0.010562558356676004
ripple_high_h020_02,ripple_high_h020,ripple_high,common,2,1403.0210000000002,2.197,0.8,0.135,0.05,1.69,False,"{""height_m"": 0.02, ""type"": ""obstacle""}",,,0.0,0.02,-5.45,-1.4,0.0,-5.466023555282694,-1.4019766185779294,-0.06900856149618373,53586,56485,5954,120,151.31791468813708,0.98071526530899,ripple,0.025,2978,True,False,,56.940000000000055,64.0,56.940000000000055,0.800116076806072,0.014051915644644735,0.5620766257857893,-0.10613923717087953,-16.189295462674696,1.4233105387407343,3.2338751405634536,5.385933522514697,0.15125515886594235,-0.22730529447536268,-0.0007927307697273647,5.385933522514697,5.385933522514697,0.4022677223381355,0.5344893468262489,2.88443076675669,0.0,0.0,-0.0152855926288013,0.03360597982921109,-0.006729180055126756,0.22682584269662923,0.09907414083536846,-0.10591959066110504,2.5758426966292136,3.1411516853932584,4.0,141,0.003942489609999085,0.003479036688135249,0.029521665960428586,0.6077670517103713,112.49835204218451,3.4270809523862122,0.8623347207203326,23.625608786858425,3.324062836288802,101.0353445680487,29.856093649452284,0.008309925093632958,1.661351766531486,45.51648675428729,3.3671512851177727,102.34502386376208,99.99062501893792,0.13652855805243447,1.3260625158162076,36.33047988537555,3.352673177254543,101.9049597949709,77.00025448607155,0.0059691011235955055
ripple_high_h020_03,ripple_high_h020,ripple_high,common,3,1473.337,2.197,0.8,0.135,0.05,1.69,False,"{""height_m"": 0.02, ""type"": ""obstacle""}",,,0.0,0.02,-5.45,-1.4,0.0,-5.445189103664657,-1.399839420703936,2.6240588623738086,53604,56088,5956,120,151.31750941990083,0.9741996686139819,ripple,0.025,2979,True,False,,56.960000000000036,64.0,56.960000000000036,0.800374720647633,0.014051522483280066,0.5620608993312026,0.15455560059141707,22.241657129885194,1.4320615963883772,3.244512985190706,5.379229227436436,0.15105524576121687,0.3043292497572771,0.19477049278460004,5.379229227436436,5.379229227436436,0.39681330045790053,0.5245503955215753,2.4489130206833574,0.0,0.0,-0.014056854045770254,0.03710568391427876,-0.005628588284258768,0.19620919620919622,0.09907414083221723,-0.105680066058874,2.57985257985258,3.1772551772551774,4.0,144,0.0036485289323946613,0.0031389314694432106,0.02929116611493195,0.5544993485071597,108.37049908829567,3.2687895352845704,0.7565475004732092,20.727328780087923,3.3179534046429304,100.84964755753587,26.288515910188256,0.0021645021645021645,2.5250220739966505,69.17868695881235,3.371842413447699,102.4876113509939,99.9907520608334,0.14326664326664326,2.4041804537375815,65.86795763664607,3.357554443021934,102.05332653562111,72.60060149214667,0.002925002925002925
ripple_high_h020_04,ripple_high_h020,ripple_high,common,4,1544.093,2.197,0.8,0.135,0.05,1.69,False,"{""height_m"": 0.02, ""type"": ""obstacle""}",,,0.0,0.02,-5.45,-1.4,0.0,-5.439984136225469,-1.3970213400846814,0.7036328202316995,53736,53796,5972,120,151.31750915668312,0.9783016603979274,ripple,0.025,2986,True,False,,57.080000000000155,64.0,57.080000000000155,0.8001406449011663,0.014017880954820676,0.560715238192827,-0.19650838737465515,-26.17903449225645,1.4697516761001361,3.2112411948379425,5.470561922456833,0.15114169778645636,-0.36685696965350956,0.2816116037661776,5.470561922456833,5.470561922456833,0.3721607888729123,0.5096012743848517,2.5902053357211443,0.0,0.0,-0.013289895172190919,0.03618089521920884,-0.005465879382363888,0.18388791593695272,0.09907414083064463,-0.10591831606419568,2.5887915936952717,3.1660245183887916,4.0,145,0.004040729529231809,0.003530502061057489,0.02723614498020246,0.6213274885505461,106.38019590060064,3.174651473035647,0.7555660400305453,20.700439452891654,3.309512010477006,100.59307022726463,27.79293532181107,0.0013426736719206072,2.4275352362393954,66.50781469149028,3.3644577499446258,102.26315349375761,99.98836981250845,0.1276707530647986,2.3473013451561067,64.30962589468785,3.355924624720144,102.00378798541472,70.56208575947223,0.002510215995329831
ripple_high_h020_05,ripple_high_h020,ripple_high,common,5,1614.9160000000002,2.197,0.8,0.135,0.05,1.69,False,"{""height_m"": 0.02, ""type"": ""obstacle""}",,,0.0,0.02,-5.45,-1.4,0.0,-5.449737940335721,-1.3814095276449858,-1.6402436198451797,56286,57348,6254,126,151.31750941989043,0.9787539362198191,ripple,0.025,3128,True,False,,59.88000000000011,64.0,59.88000000000011,0.800188498202878,0.013363201372793529,0.5345280549117412,0.22948244282319963,31.160143774435213,1.3826308468064106,3.15994508062217,5.445715757003596,0.1509101737853192,0.3105773000073945,0.1953788432528263,5.445715757003596,5.445715757003596,0.3845632818119591,0.5270316109675853,2.424038635478342,0.0,0.0,-0.014483790524494498,0.04001761062656937,-0.005722095728653511,0.18030050083472454,0.09907414082906596,-0.1075700890225954,2.625709515859766,3.207345575959933,4.0,158,0.0040170870046249635,0.0035883106554175617,0.03416151144348115,0.6810701401641518,116.19562099012381,3.432050355030633,0.767097450700504,21.016368512342574,3.3163953744382404,100.80229101635989,29.009198388704295,0.0028380634390651085,2.1397583795440474,58.623517247782125,3.3675052570000314,102.35578288753895,99.99004623039822,0.1419031719532554,1.9846235036140678,54.37324667435802,3.35630688248629,102.01540676250121,70.99058395014187,0.003672787979966611
ripple_high_h030_01,ripple_high_h030,ripple_high,common,1,1688.718,2.197,0.8,0.135,0.05,1.69,False,"{""height_m"": 0.03, ""type"": ""obstacle""}",,,0.0,0.03,-5.45,-1.4,0.0,-5.4424389145140575,-1.3977961328440853,-2.7479292655878833,60480,64336,6720,135,151.3175447241317,0.9761900314507074,ripple,0.025,3360,False,False,,nan,64.0,64.98000000000002,0.3288383570336712,0.0050606087570586504,0.202424350282346,-0.0018231681405298829,-0.6447579894606847,1.5088838415467933,6.292697392230815,8.061154786808173,0.1512326583664156,0.06669885171021375,4.254463131728155,8.061154786808173,8.061154786808173,0.3020949229260024,0.4966739618710863,1.6743796295898243,0.0,0.0,-0.014611213835705857,0.018426485730251362,-0.008781690707472154,0.10861538461538461,0.09907414082536431,-0.2648319315410793,2.695692307692308,3.0015384615384617,4.0,112,0.011045248371382788,0.010537985434407596,0.024008594832900493,3.5891075477024517,140.51434713105985,10.506321754156438,0.7606452119068925,20.83959484676418,3.3254236136147943,101.07670558099679,23.505674615321045,0.0047692307692307695,1.7790287152111701,48.740512745511516,3.3331671247478987,101.31207066103036,99.97077799998489,0.1321025641025641,1.8190275893716747,49.836372311552736,3.299951263800962,100.30247002434535,66.52692820939836,0.005435897435897436
ripple_high_h030_02,ripple_high_h030,ripple_high,common,2,1767.333,2.197,0.8,0.135,0.05,1.69,False,"{""height_m"": 0.03, ""type"": ""obstacle""}",,,0.0,0.03,-5.45,-1.4,0.0,-5.458154000008651,-1.3829133225839363,1.707389144579999,60480,63376,6720,135,151.31750941989145,0.9741824779019567,ripple,0.025,3360,False,False,,nan,64.0,64.98000000000002,0.3388029654865445,0.005213957609826784,0.20855830439307133,-0.004910173179598045,-4.758758024865287,1.509382878945953,6.29792654441231,8.055072518782156,0.15119004614104273,0.05759808654236989,4.074431172036432,8.055072518782156,8.055072518782156,0.32553115491980833,0.5076504678109889,1.731977521841057,0.0,0.0,-0.2141807971681392,0.017669574386187097,-0.0084836818464476,0.10184615384615385,0.09907414082378566,-0.24530855624505155,2.7095384615384615,3.0286153846153847,4.0,114,0.010507181634623249,0.010036172861899468,0.02834054425222846,3.376604358938292,139.9167774318525,10.153041417825685,0.7542004974193667,20.66302732655799,3.3072427589999496,100.52409601823554,24.56916311456377,0.005794871794871795,1.1786978805743287,32.29309261847476,3.3459729136237306,101.70130436546295,99.96906485203725,0.12887179487179487,1.4701555782851883,40.27823502151201,3.3230934636293794,101.00588035347658,66.76300883583919,0.010102564102564103
wave_nominal_h010_01,wave_nominal_h010,wave_nominal,capped,1,1847.7310000000002,2.4,0.8,0.1,0.02,1.0,False,"{""height_m"": 0.01, ""type"": ""obstacle""}",,,0.0,0.01,-5.45,-1.4,0.0,-5.469486756258784,-1.40813494681349,-2.941167905720617,61830,61265,6871,138,116.31744766422099,0.9798161323568502,wave,0.0245,3435,False,False,,nan,65.3061224489796,66.27999999999997,0.38850867733280514,0.0058616276000725,0.23925010612540815,0.030698941209517754,4.536208192398214,0.3794728671346642,1.8371509163911377,3.294624965839639,0.11599560427077718,-0.052576460617463856,-1.1321982194500428,3.294624965839639,3.294624965839639,0.28990166752881114,0.5028416184835185,1.8841196972280108,0.0,0.0,-0.013271779263692284,0.02470552324834033,-0.008265653501189156,0.396078431372549,0.09836197704491151,-0.11195365819341768,2.420814479638009,3.171945701357466,5.0,142,0.005156409777888874,0.005260866490769499,0.07810180466211133,1.9168728412141602,62.05575733852313,3.9151547351228064,1.3956827240880372,38.23788285172705,3.292595634671612,100.07889467086967,13.33805384262792,0.0014077425842131724,1.3739471958901772,37.642388928498,3.3752995696287353,102.59269208597979,95.6354738504524,0.02287581699346405,1.4628440853429194,40.07792014638135,3.34906629809677,101.79532820962827,80.0857103554803,0.00824534942182001
wave_nominal_h010_02,wave_nominal_h010,wave_nominal,capped,2,1927.682,2.4,0.8,0.1,0.02,1.0,False,"{""height_m"": 0.01, ""type"": ""obstacle""}",,,0.0,0.01,-5.45,-1.4,0.0,-5.436901322280877,-1.4155852963076374,-2.6552689273510834,61848,61228,6871,138,116.31744766419071,0.9810469335828071,wave,0.0245,3436,False,False,,nan,65.3061224489796,66.2800000000002,0.36614170562968557,0.005524165745770737,0.2254761528886015,0.029020585718778046,4.836702315995247,0.4005612169156618,1.8328423811818129,3.295649211464692,0.11604198546556556,-0.06542359416622544,-1.1335551327794342,3.295649211464692,3.295649211464692,0.3179295879792065,0.5117562260351479,2.316924298955009,0.0,0.0,-0.013034456570568037,0.024795110314889564,-0.008423670350941919,0.40603318250377074,0.09837385088085485,-0.11206755593153324,2.4196078431372547,3.1330316742081448,5.0,143,0.0050514013681662966,0.0051452897030516845,0.09836831396885706,2.003257454721599,63.226889521180894,4.23264540059919,1.389613583949203,38.07160503970419,3.329678637271754,101.20603760704418,13.357921366944895,0.0014580191050779286,1.8164477054664137,49.76569056072366,3.3668516794237315,102.3359173077122,95.59908532523413,0.02171945701357466,1.5728196248497974,43.09094862602185,3.3463501690348756,101.71277109528496,80.14953135272043,0.008848667672197084
wave_high_h010_01,wave_high_h010,wave_high,capped,1,2009.72,4.3751999999999995,0.8,0.135,0.05,1.823,False,"{""height_m"": 0.01, ""type"": ""obstacle""}",,,0.0,0.01,-5.45,-1.4,0.0,-5.430724666272196,-1.4021652048233915,-1.0896420056179439,112302,117627,12478,250,151.31774610087604,0.9768661054541424,wave,0.0134,6239,False,False,,nan,119.40298507462687,120.38000000000011,0.31598186956127106,0.0026248701575118023,0.19588583265013448,-0.003097309291248633,-3.368807187804331,0.5582519954251823,2.1790555134418272,3.1775773222918313,0.15131424591721293,-0.012430198652720778,-1.6822869924522124,3.1775773222918313,3.1775773222918313,0.3027262047992368,0.39234737779535755,1.4845866743013592,0.0,0.0,-0.015318032977606994,0.02274569144144456,-0.006898029884955893,0.18222591362126245,0.09856385086242175,-0.11234137550861234,2.5978405315614617,3.4249169435215947,5.0,193,0.002258354715250614,0.0023365629262969818,0.016753303585600725,1.4270913151291562,86.43497738969188,6.725516875457132,0.906621754661771,24.838952182514277,3.3211576839476638,100.94704206527852,9.499027368265288,0.0005260243632336655,1.4263918383247145,39.079228447252454,3.354735931159083,101.96765748203899,100.01418518100994,0.2563953488372093,1.4882011914366253,40.77263538182535,3.3533442676119627,101.92535767817515,63.73917116321769,0.001965669988925803
wave_high_h010_02,wave_high_h010,wave_high,capped,2,2148.751,4.3751999999999995,0.8,0.135,0.05,1.823,False,"{""height_m"": 0.01, ""type"": ""obstacle""}",,,0.0,0.01,-5.45,-1.4,0.0,-5.468039464417476,-1.404416188628047,-0.8037656564271705,112302,118165,12478,250,151.31753093626716,0.9769903368614696,wave,0.0134,6239,False,False,,nan,119.40298507462687,120.38000000000011,0.3524254491589485,0.0029276079843740506,0.21847820778910826,-0.003983274045383598,-5.502277718175141,0.5526270654555084,2.1295324153929474,3.186301496294401,0.15131379060972988,-0.012501001176658795,-1.6351584724694612,3.186301496294401,3.186301496294401,0.31186646466164863,0.36475624822491315,2.026441647164367,0.0,0.0,-0.015370001261494303,0.026961695250655927,-0.00685567635783607,0.1818936877076412,0.09856385087343454,-0.11244335016784568,2.6091362126245845,3.4611295681063123,5.0,203,0.0022951899499695496,0.0023583910205372417,0.017508803746402613,1.3583661507118994,86.28639483665515,6.019584228315856,0.9117239874566165,24.978739382373057,3.3037891623960975,100.41912347708502,9.652419585679208,0.00044296788482834997,1.4201349977698223,38.90780815807732,3.3546712704315453,101.96569211038131,100.01394405664044,0.24712070874861572,1.488945875128853,40.7930376747631,3.3532987514654953,101.92397420867766,64.0968910467893,0.001495016611295681
