trial,condition,speed_label,rep,t_command,warmup_s,distance_m,start_x,start_y,start_yaw_deg,torque_msgs,contact_msgs,gait,speed_cmd_m_s,n_samples,success,fell,fall_reason,time_to_goal_s,time_limit_s,window_s,progress_m,speed_m_s,speed_ratio,lateral_drift_m,yaw_drift_deg,roll_rms_deg,pitch_rms_deg,tilt_max_deg,body_z_min_m,ssm_min_m,ssm_mean_m,ssm_p5_m,ssm_negative_frac,planned_ssm_min_m,ssm_contact_min_m,contact_feet_mean,support_feet_mean,stance_feet_planned_mean,stance_count,centre_slip_mean_m,slip_mean_m,slip_max_m,slip_per_m,energy_j,cot,qd_peak_coxa_rad_s,qd_peak_coxa_pct,tau_peak_coxa_nm,tau_peak_coxa_pct,tau_p95_coxa_pct,tau_sat_coxa_frac,qd_peak_femur_rad_s,qd_peak_femur_pct,tau_peak_femur_nm,tau_peak_femur_pct,tau_p95_femur_pct,tau_sat_femur_frac,qd_peak_tibia_rad_s,qd_peak_tibia_pct,tau_peak_tibia_nm,tau_peak_tibia_pct,tau_p95_tibia_pct,tau_sat_tibia_frac
tripod_common_01,tripod_common,common,1,9.041,0.95,2.0,-5.459535514630027,-1.408060354263435,1.8853544435656815,81522,264060,tripod,0.025,4530,True,False,,89.18,160.0,89.18,2.000427984399928,0.022431352146220315,0.8972540858488126,-0.00011365657478643793,-0.1511413299656554,0.000998175838704371,0.0005955081778087969,0.001983776386411552,0.11516828938552447,0.09959186275572389,0.13039222106512907,0.1001948200646633,0.0,0.09817459873696238,0.0984982736246121,3.158071748878924,3.872421524663677,3.0,567,0.00036754169964598815,0.0005901202536544142,0.0009621836624990569,0.16726329859975902,102.14386373452226,1.2554763352302953,0.37584814636960384,10.297209489578186,1.3872426837904879,42.16543111825191,42.05297230215542,0.0,0.6630855343335919,18.166726968043612,2.5057406427251725,76.16232956611466,68.39813633330203,0.0,0.57563267999339,15.770758355983288,2.2049531952959045,67.01985396036184,65.2866062424371,0.0
tripod_max_01,tripod_max,max,1,106.677,0.95,2.0,-5.466323362314596,-1.3959959789613738,1.371363160870768,20970,62672,tripod,0.1,1166,True,False,,22.239999999999995,40.0,22.239999999999995,2.0015969401615594,0.08999986241733633,0.8999986241733633,0.003135700753827486,-0.06694564477486573,0.01938810031183971,0.005461549668158305,0.03359951494772636,0.11409915775292508,0.08547379417424016,0.11236817395679048,0.08757457027203419,0.0,0.08264329866059832,0.08391445076924228,3.152740341419587,3.504043126684636,3.0,144,0.0014663458165317645,0.0022076080148010773,0.003457718819843626,0.158820768386756,85.16859919490791,1.046216377817513,1.4913538379614897,40.859009259218894,3.2794993611141754,99.68083164480775,41.19550931591444,0.0017969451931716084,1.4776543246353693,40.483680126996425,3.2787826182351183,99.65904614696407,67.42580798511594,0.0035938903863432167,1.7239857251755069,47.23248562124677,3.2685380763166987,99.34766189412458,63.947324497442395,0.0017969451931716084
ripple_common_01,ripple_common,common,1,136.00400000000002,1.3,2.0,-5.462483957065336,-1.4177941349066772,-1.3501837925637714,72252,176347,ripple,0.025,4015,True,False,,78.6,160.0,78.6,2.000403766442163,0.025450429598500805,1.018017183940032,0.009077394065292697,0.3296675228526714,0.06731576287002801,0.05792895604258503,0.22140484191107904,0.11621431517591616,0.10241356378357053,0.1121127422003845,0.10319553618319555,0.0,0.10162599372596516,-0.004284383685975717,2.7479012973798014,4.3815822945815315,4.0,364,0.0006016945505980429,0.00035720389888502555,0.0006631285403491553,0.06499731840271653,84.77040015132833,1.041936542455493,0.6325139010754506,17.32914797466988,3.293693829915279,100.11227446551,39.95475156138997,0.0026286780293394386,0.7259047062420737,19.88780017101572,3.2946444798566845,100.14116960050713,67.6283318119425,0.020605443907402696,0.7791499088532408,21.34657284529427,3.2955920223384045,100.16997028384208,83.3226415130645,0.00016959213092512508
ripple_max_01,ripple_max,max,1,223.44000000000003,1.3,2.0,-5.443702679404977,-1.397509373488783,-2.0996264201679833,32328,70086,ripple,0.057,1796,True,False,,34.400000000000034,70.17543859649122,34.400000000000034,2.000665458832929,0.05815887961723625,1.020331221355022,0.00584472609229258,0.26332774297249056,0.13159727048102174,0.11315133426580641,0.4014661547975098,0.11613962086374881,0.004008769569418185,0.107777807413867,0.09919703691964911,0.0,0.09908652390028741,-0.00785896311310916,2.714700755374782,4.044160371876816,4.0,160,0.0013427759202128454,0.0007848425333977542,0.001498059834956277,0.06276625056526795,79.73287097379358,0.979896589693114,1.4322313486005012,39.23921503015072,2.553662753674101,77.61892868310338,38.04925423137334,0.0,1.5455650251436837,42.34424726421051,3.296353929337263,100.19312855128459,66.00443703812358,0.014429595196591129,1.7235647971169574,47.22095334567007,3.3054413363384665,100.46934153004456,81.67110745698943,0.0037768739105171413
wave_common_max_01,wave_common_max,common+max,1,265.36600000000004,2.4,2.0,-5.452694768367809,-1.393228108057019,-0.463291960379233,72414,161227,wave,0.025,4024,True,False,,77.68,160.0,77.68,2.0005381273250693,0.025753580423855164,1.0301432169542064,0.01977706789750153,1.0058853328685367,0.04273886858390607,0.0528796908410943,0.2476509769485611,0.11626958876373916,0.09952043086497125,0.13696463971889716,0.1014225970330627,0.0,0.0988794226960958,-0.006518704602016736,2.897812097812098,5.198970398970399,5.0,472,0.0006602794800929341,0.00036691531783268014,0.0024629456859957535,0.08656449261852289,60.708326660521976,0.7461040201797606,1.3969470184843154,38.2725210543648,2.367819507393556,71.97019779311721,13.171108736706161,0.0,0.8836909171421872,24.210710058690058,3.291246642003332,100.03789185420462,99.99641376680262,0.10905190905190905,1.4275543880520032,39.11107912471242,3.291273554891409,100.03870987511883,89.29411005779446,0.001244101244101244
tripod_common_02,tripod_common,common,2,353.266,0.95,2.0,-5.444672624029035,-1.3813025619002528,1.098388933857752,81468,205269,tripod,0.025,4527,True,False,,89.13999999999999,160.0,89.13999999999999,2.0004408878886513,0.02244156257447444,0.8976625029789775,0.0012800718397717227,-0.04411540248769395,0.000997656699282386,0.0005905614654287162,0.0018398463477114586,0.11518929834861304,0.09960598017091102,0.12952250811206287,0.10017100627806373,0.0,0.09818664634385706,0.09850391124283493,3.1574697173620456,3.845222072678331,3.0,564,0.00036417387438266065,0.0005848543132272399,0.0009640052366919968,0.16489253300338208,100.749037425919,1.2383239294111716,0.3757947607779312,10.295746870628253,1.37830148014125,41.89366201037234,41.795893292536476,0.0,0.6646314493534017,18.209080804202785,2.500822635256351,76.01284605642404,68.51645022542525,0.0,0.5757104446785408,15.772888895302488,2.2026279561570665,66.94917799869503,65.41988541233052,0.0
tripod_max_02,tripod_max,max,2,451.069,0.95,2.0,-5.454335006676799,-1.412509897211196,-0.9242360065696015,20952,51795,tripod,0.1,1165,True,False,,22.24000000000001,40.0,22.24000000000001,2.001030818715815,0.08997440731635854,0.8997440731635854,0.00900383883557373,0.26559805573028833,0.018609635341930834,0.005549722586558398,0.021683942778199666,0.11410506215938511,0.085516843537189,0.11195672517043416,0.08742655428602165,0.0,0.082496548161658,0.08392407033879895,3.1590296495956873,3.4941599281221922,3.0,144,0.0013685206462424155,0.002200521010051752,0.0034507465502968643,0.15835429156949854,82.50646634559794,1.0137922917277478,1.4914554321742202,40.8617926623074,1.98609556993747,60.36764650265866,41.276890381346455,0.0,1.477089702479757,40.46821102684265,3.2769570396065233,99.60355743484874,67.05019349313321,0.0017969451931716084,1.7233617570825255,47.2153906050007,2.803858703440475,85.22366879758283,63.92999353433251,0.0
ripple_common_02,ripple_common,common,2,480.38700000000006,1.3,2.0,-5.449557361057217,-1.3843516236199767,1.6533836548361371,72270,156722,ripple,0.025,4016,True,False,,78.59999999999997,160.0,78.59999999999997,2.000236532109454,0.025448301935234795,1.0179320774093918,-0.004089830697598726,-0.3440514684907496,0.0709107539498452,0.0601985185125697,0.22150959044500018,0.11621536886124559,0.10227477899720507,0.11253574129867931,0.10327710069541612,0.0,0.10173021627627149,-0.004468285937208555,2.7578224370389215,4.406257949631137,4.0,364,0.0005972054141652478,0.00034618233604278805,0.0006757692562644594,0.06299760297966943,81.95030981447839,1.00736650967044,0.6337191693177554,17.362169022404256,1.7502400840397851,53.19878674892964,40.039453120870434,0.0,0.7240654576506952,19.837409798649183,3.2935459704187853,100.10778025589013,67.01774274162617,0.014584923259560756,0.7762242576550809,21.26641801794742,3.282703792246466,99.77823076736979,82.40740160300757,0.0025862799966081575
ripple_max_02,ripple_max,max,2,567.926,1.3,2.0,-5.457274135975386,-1.383031324139727,-0.1745406875054547,32256,70209,ripple,0.057,1793,True,False,,34.379999999999995,70.17543859649122,34.379999999999995,2.000739841168445,0.05819487612473662,1.020962739030467,-0.001150084987041546,-0.08224737391583568,0.12749933434723762,0.10944761573560607,0.4016392220541036,0.11615240225693475,0.003876988502890126,0.10781790350793705,0.09887845209528143,0.0,0.09932061692930128,-0.007789332177667018,2.7040697674418603,4.031976744186046,4.0,160,0.0013550509713677692,0.000724660784996904,0.0014371890579323518,0.057951415800197414,80.13844119366709,0.9848483684975491,1.432503666244514,39.246675787520935,2.4165750626959857,73.45212956522752,38.67232203212714,0.0,1.5478299004391267,42.406298642167854,3.2953925609074366,100.16390762636586,66.24711162107485,0.01056201550387597,1.729587288931998,47.385953121424606,3.3060490432055647,100.48781286339101,79.69783536136404,0.004263565891472868
wave_common_max_02,wave_common_max,common+max,2,609.807,2.4,2.0,-5.442249646311911,-1.4157117076618564,-2.372738649402351,72432,165603,wave,0.025,4025,True,False,,77.69999999999993,160.0,77.69999999999993,2.0001637638549803,0.025742133382947,1.0296853353178799,0.022455277040064947,1.1571384790628556,0.04369668935468809,0.05217836251315604,0.2616572905018154,0.11627002963776471,0.09960242003185002,0.1368409834274884,0.10148551371668893,0.0,0.09867286690083449,-0.006076108186329464,2.9235717961914567,5.1968605249614,5.0,458,0.0006996724564457199,0.0003787589309391095,0.0019305360638187065,0.08672322858037854,60.74643912317546,0.7467015868246095,1.3940521315649599,38.1932090839715,2.514535311873232,76.42964473778821,13.106227823627687,0.0,0.8890098955517924,24.35643549456966,3.2917582642856207,100.05344268345351,99.99801385092678,0.11103962943901184,1.4358253914225991,39.33768195678354,3.2977153603045055,100.23450943174788,89.28410895676225,0.0009435580717104135
tripod_common_03,tripod_common,common,3,698.105,0.95,2.0,-5.461923702098822,-1.3846220130524682,1.0788687689075012,81450,211501,tripod,0.025,4526,True,False,,89.12,160.0,89.12,2.0000922762666336,0.022442687121483767,0.8977074848593506,0.0017989199994121413,-0.01916711307553796,0.001889410177680839,0.0005947532987362767,0.005967925562181317,0.11519508549337545,0.09939994009719187,0.12801977629160446,0.10012146685454602,0.0,0.09814908809123311,0.0985602652770334,3.1613192730536235,3.809961857751851,3.0,564,0.0003543584531669052,0.0005834996412048079,0.0009708804172869714,0.16453924073096493,100.45538352318549,1.2349295395818263,0.37595689218531164,10.30018882699484,1.3780836190834873,41.887040093723016,41.795860860718754,0.0,0.6629434062168194,18.16283304703615,2.8136530750044484,85.52137006092548,68.63441067661029,0.0,0.5753389403561462,15.762710694688938,2.739310111125649,83.26170550533887,65.54527962164258,0.0
tripod_max_03,tripod_max,max,3,796.066,0.95,2.0,-5.436030547055423,-1.3942225492317792,-0.5607456139467812,20952,53209,tripod,0.1,1165,True,False,,22.220000000000027,40.0,22.220000000000027,2.000746150094304,0.0900425810123448,0.900425810123448,0.008679348333211712,0.2595501560934137,0.018936941098238798,0.005168296404784189,0.02857531416376189,0.11407659303128768,0.08501047550147857,0.11170369063508127,0.08736511061347067,0.0,0.08254372974274736,0.08409823804154773,3.156474820143885,3.4820143884892087,3.0,141,0.0014664352338778475,0.0022369335202771746,0.003460899798944291,0.15764351644559763,81.20063355678502,0.9978896379097612,1.4960424417754752,40.9874641582322,2.0785391023935946,63.17748031591473,41.20100271527631,0.0,1.482730857814336,40.622763227790024,3.292217253787828,100.06739373215284,66.6890339569437,0.00029976019184652276,1.7251994433446785,47.26573817382681,3.2809019957863343,99.72346491751776,63.86815518882932,0.00014988009592326138
ripple_common_03,ripple_common,common,3,825.384,1.3,2.0,-5.449336872235,-1.3962622592897636,2.1727079094457693,72306,158694,ripple,0.025,4018,True,False,,78.63999999999999,160.0,78.63999999999999,2.0001705028085577,0.02543451809268258,1.0173807237073031,0.001721097604786621,-0.12635543170999775,0.06831576116802801,0.058768508041811995,0.22078008035832056,0.1162199224628942,0.1023570607913026,0.11196955214692259,0.10313555666997253,0.0,0.10156933519248712,-0.004120223084027409,2.7955758962623953,4.38927027714213,4.0,364,0.0006001166936801374,0.0003609165379043538,0.0006766690255632627,0.06568118616740247,83.66218592359087,1.0284453051923828,0.632040250331749,17.316171241965726,1.6655657037391631,50.62509737809007,39.80714516391263,0.0,0.7234405047149796,19.820287800410398,3.291093820287939,100.03324681726258,67.12411833796286,0.01593355369099076,0.7800012147473475,21.36989629444788,3.282529935477035,99.77294636708314,83.14085929343673,0.003008729553351979
ripple_max_03,ripple_max,max,3,912.9190000000001,1.3,2.0,-5.452472553353635,-1.3843103956013343,0.6823016304155232,32328,70149,ripple,0.057,1797,True,False,,34.43999999999994,70.17543859649122,34.43999999999994,2.0003108966000216,0.058081036486644165,1.018965552397266,0.0035860715986384645,0.06640882430276215,0.14984696170268302,0.12465391361677337,0.3927388866332506,0.11615358764047193,0.09714238898655041,0.1088435090892357,0.09932381136589699,0.0,0.09895918079131079,-0.007252020068969413,2.808473592571097,4.076610562971561,4.0,161,0.001295071845834333,0.0007709142310899357,0.0015245713732667673,0.062048850487171237,79.79842325469369,0.9808786528056107,1.4325409518657588,39.24769731139065,3.274598281262672,99.53186265236086,38.84039277727562,0.0018378796672470497,1.5423141318544182,42.2551816946416,3.2974276378084197,100.22576406712523,66.37476197265966,0.012768427161926872,1.7223536840235851,47.187772165029735,3.2714638482090885,99.43659113097533,80.16817864885472,0.001934610176049526
wave_common_max_03,wave_common_max,common+max,3,954.868,2.4,2.0,-5.436825754967737,-1.40007775780331,1.155108790979841,72432,165732,wave,0.025,4025,True,False,,77.68000000000006,160.0,77.68000000000006,2.0000011965458775,0.025746668338644127,1.029866733545765,0.020907651818115557,1.0418360068702626,0.04361664533092604,0.05189847560136534,0.2613992917737361,0.11626615261754669,0.09962548806129685,0.13720554068131266,0.10151658691489458,0.0,0.0986981511369281,-0.006028410980583921,2.93024453024453,5.2,5.0,456,0.0007421695829054242,0.00041096301822160486,0.0022329504119579695,0.09369439266501603,60.86209886809313,0.7481903665758021,1.3957246351113237,38.23903109894038,2.533361648895153,77.00187382660039,13.138920132338841,0.0,0.8899898441424977,24.383283401164324,3.29167520492609,100.05091808285988,99.99816787142466,0.10634920634920635,1.4356587294217436,39.33311587456832,3.2979148315170135,100.24057238653536,89.17500127823165,0.0008151008151008151
tripod_common_04,tripod_common,common,4,1042.526,0.95,2.0,-5.456438985014028,-1.3990868598430493,-1.7026596538859133,81522,208049,tripod,0.025,4530,True,False,,89.20000000000005,160.0,89.20000000000005,2.000314283636987,0.022425048022836166,0.8970019209134467,0.008456011383166404,0.31272469026333266,0.001089367220276004,0.000689254583916936,0.006098946728966027,0.11518419841703739,0.0994793667744057,0.1283794294945079,0.10020571546502957,0.0,0.09821560481890095,0.09851806475945332,3.1548980049316295,3.8090114324142568,3.0,567,0.00035922397890072625,0.0005775340500838441,0.0009663594687371164,0.16370371554920238,101.83818997965102,1.2517791876827191,0.375795005700332,10.295753580831013,1.391215586500674,42.28618803953416,42.16693464175533,0.0,0.6635822181745498,18.18033474450821,2.8149315755389592,85.56023025954283,68.2749249915722,0.0,0.5756924258848564,15.772395229722093,2.416206146942163,73.44091632043049,65.27960680381783,0.0
tripod_max_04,tripod_max,max,4,1140.453,0.95,2.0,-5.465971855919261,-1.418455834803161,1.2116968583159373,20970,48093,tripod,0.1,1166,True,False,,22.24000000000001,40.0,22.24000000000001,2.0015575711933353,0.08999809222991612,0.8999809222991612,0.002686889119427918,0.08615917068303235,0.018483740943921297,0.0055096668599344395,0.021513143507701088,0.11406880804084113,0.0856273148259562,0.11223865832623044,0.08756387351087475,0.0,0.08261100048593777,0.08424215685409923,3.1581311769991016,3.492362982929021,3.0,144,0.0014033714258269532,0.002160045411896323,0.003471144805952159,0.15540210460674683,82.98160042727474,1.0193715309263458,1.4916853631932463,40.86809214228072,2.027939367518201,61.63949445344077,41.14000089938591,0.0,1.4769316914568595,40.46388195772218,3.281003644327459,99.72655453882854,66.98600700581692,0.0020964360587002098,1.7249505573994715,47.258919380807434,3.2835444506256497,99.80378269378875,63.88280587919065,0.001946690625935909
ripple_common_04,ripple_common,common,4,1169.787,1.3,2.0,-5.451742775164738,-1.3840906341162729,2.011099228153678,72252,155502,ripple,0.025,4015,True,False,,78.58000000000015,160.0,78.58000000000015,2.0000860727223255,0.02545286424945688,1.0181145699782752,-0.0010895050088634028,-0.1611947915219113,0.06160332254287376,0.053745697172276,0.2077193357291209,0.11622350244161601,0.10251309181632418,0.11201486514433091,0.10316109000843489,0.0,0.1014863292563466,-0.004016210135573265,2.6669211195928755,4.359033078880407,4.0,364,0.0006000595828777711,0.0003410300580867674,0.0006759766328202101,0.06206479032042948,82.21718747507546,1.0107250685229252,0.6321180348190991,17.318302323810936,2.0759022809565097,63.09733376767507,39.860462725966435,0.0,0.7252903664431176,19.870968943647057,3.2934650757137627,100.10532145026635,67.17241262438885,0.017557251908396947,0.7802846423071792,21.377661433073403,3.296596720919421,100.20050823463286,82.82263582583117,0.00275657336726039
ripple_max_04,ripple_max,max,4,1256.8490000000002,1.3,2.0,-5.454596194620768,-1.381052849211791,0.5523720664701877,32321,68896,ripple,0.057,1796,True,False,,34.419999999999845,70.17543859649122,34.419999999999845,2.0002126155475386,0.05811192956268296,1.0195075361874204,0.007282773246140531,0.20442005218083553,0.14293321622062638,0.11980741108154014,0.4191170598985721,0.1161525261935494,0.0035796411169683124,0.10872054703174205,0.09913456731018783,0.0,0.09901145508744524,-0.008843158157014941,2.7183507549361208,4.077816492450639,4.0,160,0.001338973368320597,0.0007929469788764751,0.0015124387042030436,0.06342859488153639,78.66087322065503,0.9669385919381759,1.4317872956095252,39.227049194781515,2.392208860369381,72.71151551274714,38.79468913384346,0.0,1.540094881261015,42.19438030852096,3.2947530625064068,100.14446998499717,66.06532812309332,0.010259388308168796,1.7279581769784276,47.34131991721719,3.3064665297267006,100.50050242330396,78.83148926502206,0.002129307007355788
wave_common_max_04,wave_common_max,common+max,4,1298.787,2.4,2.0,-5.439364667431389,-1.4037122256608157,-1.8229805281903684,72414,163167,wave,0.025,4024,True,False,,77.68000000000006,160.0,77.68000000000006,2.000382235727762,0.025751573580429458,1.0300629432171782,0.02474798958778184,1.2387109945068544,0.04338931188602878,0.05085767653840513,0.26178121014210437,0.11627181360626049,0.09962454787778806,0.13685454540627268,0.10151405406889148,0.0,0.09869573889817135,-0.006313048290318779,2.9232947232947235,5.1956241956241955,5.0,475,0.0006847303448354256,0.00038590024991841203,0.00197169461955148,0.09162678469718889,61.166960027774955,0.7517784037575006,1.3962271612650892,38.252798938769565,2.6051321726624925,79.18334871314566,13.04457483409718,0.0,0.8899635545388348,24.38256313805027,3.291684899214838,100.05121274209233,99.9962419555656,0.10574860574860574,1.435610932304002,39.33180636449321,3.297913870410706,100.24054317357769,89.29681970648384,0.0011154011154011153
tripod_common_05,tripod_common,common,5,1386.487,0.95,2.0,-5.463128919396727,-1.4127517509507603,0.6228331035746315,81468,207149,tripod,0.025,4527,True,False,,89.13999999999987,160.0,89.13999999999987,2.0004504573010067,0.02244166992709232,0.8976667970836928,0.004767102439245285,0.04787077250659441,0.0009973622015946862,0.0005929121148517675,0.0018042029298168795,0.1151770076030922,0.0994108035742603,0.12875868542373964,0.10013312014341473,0.0,0.0981582290578034,0.09849001126565343,3.1408703454463884,3.8189771197846567,3.0,564,0.00036334180727892463,0.0005828325295887412,0.0009727297642768107,0.16432129680522728,101.73763012232203,1.2504656177256563,0.3758028315960444,10.295967988932723,2.0188565413745785,61.363420710473505,41.65728108658484,0.0,0.6633657500314734,18.174404110451324,3.282550381779085,99.77356783523054,68.63382952213287,0.00515926424405563,0.5754673107016303,15.766227690455624,2.3150397069017297,70.3659485380465,65.44512163550861,0.0
tripod_max_05,tripod_max,max,5,1484.374,0.95,2.0,-5.465494685795547,-1.419203570046503,1.9979817851305237,20970,56196,tripod,0.1,1166,True,False,,22.24000000000001,40.0,22.24000000000001,2.001342693888341,0.08998843048059084,0.8998843048059083,-0.003911459995490032,-0.29069838368004214,0.019202656676500757,0.005439187254929436,0.03193835983616085,0.11407635490681184,0.08557862043508391,0.11187283130065778,0.08750287008809256,0.0,0.08257940769922495,0.08417975846518105,3.157232704402516,3.487870619946092,3.0,141,0.0013965443208059166,0.0022609255011828257,0.0034410356841991785,0.15928800589331482,82.63375345414283,1.0152064350487864,1.491569662294729,40.864922254650104,1.808773499706908,54.977917924222126,41.33913540848055,0.0,1.478338434750652,40.50242286988088,3.2837984553932493,99.81150320344223,66.60356080848511,0.0017969451931716084,1.7249569353612058,47.25909411948509,3.1532346345917346,95.84299801190683,63.81766690461855,0.0
ripple_common_05,ripple_common,common,5,1513.7060000000001,1.3,2.0,-5.466023555282694,-1.4019766185779294,-0.06900856149618395,72288,161751,ripple,0.025,4017,True,False,,78.62000000000012,160.0,78.62000000000012,2.000071925359552,0.025439734486893267,1.0175893794757307,0.0007095659871624131,-0.01458658310122199,0.07747873042691844,0.0648819730200204,0.22400313135509992,0.11622285719263466,0.10226009971373871,0.11238324093493189,0.10327027596600227,0.0,0.10171836351396622,-0.004396897931600504,2.7706002034587995,4.402085452695829,4.0,364,0.0005926144080902241,0.0003622141198374594,0.0006756509003288231,0.06592059498057432,81.90098665435504,1.0068451074117966,0.6319026385367453,17.312401055801242,1.7530016727417495,53.28272561525075,40.342918584726306,0.0,0.7236443603267756,19.825872885665085,3.2937391280742845,100.11365130924877,67.14580720476559,0.012631400474737198,0.7766550594189053,21.278220805997407,2.9228153244307555,88.83937156324485,81.89841843306064,0.0
ripple_max_05,ripple_max,max,5,1600.9470000000001,1.3,2.0,-5.445189103664657,-1.399839420703936,2.6240588623738086,32292,70367,ripple,0.057,1794,True,False,,34.38000000000011,70.17543859649122,34.38000000000011,2.0004485613832044,0.05818640376332746,1.0208141011110081,-0.005492605403337662,-0.5060996735849925,0.12766145835242063,0.10950014308451395,0.4047390759885641,0.11614552345016205,0.003890430833197475,0.1076650993359343,0.0985617856327071,0.0,0.09929400365525472,-0.008573718764102513,2.7063953488372094,4.033139534883721,4.0,160,0.001314675984545493,0.0007760805604672672,0.0014608722787872522,0.062072289194217124,79.36541438379713,0.9754868829167195,1.4302137158298782,39.18393741999667,1.3173228014348606,40.04020673054288,38.087069212785686,0.0,1.5467649509227965,42.377121943090316,3.298662194294761,100.26328858038787,65.90043450220398,0.010949612403100776,1.7292426142391204,47.37650997915399,3.306040116870964,100.4875415462299,80.75487912210994,0.0050387596899224806
wave_common_max_05,wave_common_max,common+max,5,1642.846,2.4,2.0,-5.439984136225469,-1.3970213400846814,0.7036328202316993,72432,168093,wave,0.025,4025,True,False,,77.68000000000006,160.0,77.68000000000006,2.00007070655246,0.025747563163651628,1.029902526546065,0.021247668162483926,1.0583055818428586,0.0425271908916396,0.05306102400193922,0.24850937595693873,0.11626795331657169,0.09951140435546534,0.13703727862043422,0.10140805167222897,0.0,0.09886823007722048,-0.006535758938458063,2.926898326898327,5.2,5.0,465,0.0006561847051643512,0.0003556017683506626,0.0024475853435951046,0.0826698234889951,60.14737404317041,0.7393770877419588,1.397405863893862,38.285092161475674,2.452801915475576,74.55324971050382,13.146932160675798,0.0,0.8847330821505766,24.239262524673332,3.290737209405812,100.02240758072377,99.99347465966365,0.1003003003003003,1.4270542228795968,39.097375969304025,3.2979536280406134,100.24175161217671,89.19028661189833,0.0009009009009009009
tripod_common_06,tripod_common,common,6,1730.546,0.95,2.0,-5.449737940335721,-1.3814095276449858,-1.6402436198451797,81534,204595,tripod,0.025,4530,True,False,,89.20000000000005,160.0,89.20000000000005,2.000448205465013,0.022426549388621212,0.8970619755448485,0.008202262896744757,0.2844887173864785,0.0015799763526104442,0.0005968741134002621,0.005909146469835573,0.11520832698366612,0.09938018832540087,0.12858917275594592,0.10013548881465638,0.0,0.0981322605353248,0.09855338985594134,3.1580363147276396,3.813718897108272,3.0,567,0.0003520746994441238,0.0005798373763396067,0.0009689496956854943,0.16434568410289355,101.40681977881975,1.2463940655057923,0.37600541184954034,10.30151813286412,1.3908186765431898,42.274123907087834,42.146584116857234,0.0,0.6628849920175578,18.161232658015283,2.509910199200853,76.28906380549705,68.2229713476567,0.0,0.575034294865755,15.754364242897397,2.2018221659983057,66.92468589660504,65.15018190530307,0.0
tripod_max_06,tripod_max,max,6,1829.288,0.95,2.0,-5.4424389145140575,-1.3977961328440853,-2.7479292655878833,20960,52597,tripod,0.1,1165,True,False,,22.220000000000027,40.0,22.220000000000027,2.000872053163699,0.09004824721708805,0.9004824721708805,0.003561881733419752,-0.05802987598734072,0.01983880993116369,0.0051157237281510394,0.03254162628506369,0.11407966604638915,0.08495505841580203,0.11269621623731667,0.08738006346130264,0.0,0.0824780485746668,0.08406417864934063,3.152877697841727,3.5161870503597124,3.0,141,0.0014289526871419436,0.002213866121195737,0.003469218180014572,0.15600929004359004,82.90777838627906,1.0188129177161993,1.4931872282253278,40.909239129461035,2.012339956411036,61.16534821918042,41.933235757935364,0.0,1.478400844136091,40.50413271605729,3.2918781631363014,100.05708702541949,67.16681044626525,0.004646282973621103,1.725906588513214,47.285112014060665,3.284220163708256,99.82432108535734,64.07660648059642,0.002997601918465228
ripple_common_06,ripple_common,common,6,1858.602,1.3,2.0,-5.458154000008651,-1.3829133225839363,1.707389144579999,72288,170851,ripple,0.025,4017,True,False,,78.59999999999991,160.0,78.59999999999991,2.0002398803880324,0.025448344534198915,1.0179337813679565,-0.0009491419623830769,-0.1701561704822735,0.06020200546393539,0.053063181235566324,0.21530890959542082,0.11621469278490909,0.10235477566821428,0.1121907750157479,0.10325744016065283,0.0,0.10132904499267514,-0.004159325818851977,2.710760620707199,4.374968201475451,4.0,365,0.0006117644117349947,0.00035816150148428223,0.0006675297109041887,0.06535662777541697,84.6191600122261,1.0401734168427224,0.632165030729035,17.31958988298726,3.2938129012860573,100.11589365611115,40.03774496805797,0.0024166878656830325,0.7250440712747598,19.864221130815334,3.2910562453021575,100.03210472043031,67.25086986872115,0.015178495717798694,0.7776762509636536,21.306198656538452,3.2966888086220663,100.20330725295034,82.4454625252893,4.239803273128127e-05
ripple_max_06,ripple_max,max,6,1945.711,1.3,2.0,-5.469486756258784,-1.40813494681349,-2.941167905720617,32310,70115,ripple,0.057,1795,True,False,,34.42000000000007,70.17543859649122,34.42000000000007,2.0006247560238517,0.058123903428932235,1.019717604016355,0.0029289812297676344,0.14022931013296747,0.13273869545629594,0.11302174640488859,0.3883599315837628,0.11615477740928039,0.0040769064407049395,0.10829645490607087,0.09877660675104327,0.0,0.09865453881028557,-0.009082059904696,2.724157955865273,4.030778164924507,4.0,161,0.00131504033783618,0.0007404973620706198,0.0015250163909624212,0.059591358732736445,78.80276840637008,0.9684886653806474,1.433189956520433,39.26547826083378,1.8127218812396202,55.0979295209611,37.74892915685742,0.0,1.5440235270850158,42.30201444068537,3.2980212574148533,100.24380721625694,66.42692624354264,0.015098722415795587,1.7315562505544853,47.43989727546535,3.270735412781504,99.41445023651988,82.57218732374906,0.00019357336430507162
wave_common_max_06,wave_common_max,common+max,6,1987.6450000000002,2.4,2.0,-5.436901322280877,-1.4155852963076374,-2.6552689273510834,72414,161238,wave,0.025,4024,True,False,,77.65999999999985,160.0,77.65999999999985,2.000392048153666,0.02575833180728393,1.0303332722913572,0.02798327355284219,1.3432762815159844,0.04491554348069136,0.05232432810776293,0.26391677727385304,0.11626749355897537,0.09960619724349169,0.13689990060168916,0.10149029004491625,0.0,0.09867647301354525,-0.006350060235675964,2.899588053553038,5.196189495365602,5.0,461,0.0006647712205924656,0.0003639167120596845,0.00195914235050179,0.08385815763813943,61.59624705955828,0.7570347494701166,1.3951147994474504,38.22232327253289,3.2876520466864596,99.9286336378863,13.144987831431559,0.0009440439409543426,0.8891576242424941,24.360482855958743,3.2917458387523824,100.0530650076712,99.99395852598211,0.10800720906282184,1.4350649512675029,39.31684797993159,3.2976629273533984,100.23291572502731,89.21557098697892,0.00034328870580157915
tripod_common_07,tripod_common,common,7,2075.2870000000003,0.95,2.0,-5.430724666272196,-1.4021652048233915,-1.0896420056179439,81522,202732,tripod,0.025,4530,True,False,,89.20000000000027,160.0,89.20000000000027,2.000504145830507,0.022427176522763465,0.8970870609105386,0.006300354067189409,0.24298770237126788,0.0010087596306468736,0.0005912952752040162,0.005106985529575025,0.11519039773342411,0.09939438307634435,0.12808633701778954,0.10011496152226157,0.0,0.09814427882159128,0.09855742213556778,3.151087200179332,3.805200627661959,3.0,564,0.00036548029955737587,0.0005814523067257647,0.0009710215251362032,0.16392741566579505,101.30700691472822,1.2451367353945817,0.3759138523163721,10.299009652503345,1.3848404483595351,42.09241484375487,41.97243798783993,0.0,0.6629673337092565,18.16348859477415,2.8030322278451107,85.19854795881795,68.33367145880995,0.0,0.5752765816074978,15.761002235821858,2.420344135989792,73.56669106351951,65.34384089735366,0.0
tripod_max_07,tripod_max,max,7,2173.2160000000003,0.95,2.0,-5.468039464417476,-1.404416188628047,-0.8037656564271707,20970,54641,tripod,0.1,1166,True,False,,22.240000000000236,40.0,22.240000000000236,2.0014916523805684,0.089995128254521,0.89995128254521,0.005488180817935658,0.04613689313063227,0.019387774796397545,0.0053865583461717706,0.030256176021120157,0.11408559215988501,0.08499400673996352,0.11202793692355807,0.08723318254440063,0.0,0.0825249585318728,0.08409021547504265,3.1590296495956873,3.4977538185085355,3.0,144,0.0014053733247150436,0.002199580458990669,0.003468703297070641,0.15825116980720758,82.75083831262847,1.0165673517987077,1.491918427861573,40.87447747565953,2.046774405075463,62.21198799621468,41.21221567217139,0.0,1.4786671838363599,40.51142969414685,3.291711698549495,100.0520273115348,66.73643322002562,0.0022461814914645105,1.7253608088060075,47.27015914537007,3.284136997591151,99.82179323985261,63.90518510783465,0.0017969451931716084
ripple_common_07,ripple_common,common,7,2202.547,1.3,2.0,-5.449060768477781,-1.4197285813407405,-2.112222718258689,72270,156677,ripple,0.025,4016,True,False,,78.59999999999991,160.0,78.59999999999991,2.000033777619311,0.02544572236156887,1.0178288944627547,0.006995500018117212,0.26452699061721474,0.07648760384224883,0.0640107673916691,0.22752482413720826,0.11622443646038141,0.10247431330432603,0.11275205874344604,0.10324371538117282,0.0,0.10168715637527964,-0.0044948263445235654,2.7364538285423556,4.408547443398627,4.0,364,0.0005670546237399583,0.0003473897620302813,0.0006722989897646501,0.0632234821817638,82.88384309325852,1.0189410629053226,0.6316287414053685,17.304897024804617,3.2935532110528376,100.1080003359525,39.65534115475877,0.003603832782158908,0.7238277809729112,19.830898108846885,3.2940887620748933,100.12427848251956,67.17564379857924,0.01238022555753413,0.7781513937121618,21.319216266086624,2.9238138957747433,88.86972327582806,84.1559152655108,0.0
ripple_max_07,ripple_max,max,7,2289.808,1.3,2.0,-5.461604538970064,-1.402379819250052,-1.186179802140802,32292,68740,ripple,0.057,1795,True,False,,34.40000000000009,70.17543859649122,34.40000000000009,2.0000532486318487,0.058141082809065214,1.0200189966502669,-0.0010780241061807373,-0.11538660144444116,0.14196023102119634,0.11945171421003818,0.41075387070933117,0.11613830372758015,0.003931718055589312,0.1087393510486859,0.09933232986624455,0.0,0.09922392287724922,-0.007967049307043799,2.7321324811156305,4.066240557815224,4.0,161,0.0013094480429222915,0.0007928305416829324,0.0014799455687714285,0.06382115014015277,78.9408978425758,0.9704644067897013,1.4315439941685446,39.22038340187793,1.956409929180558,59.46534739150632,38.29353580266097,0.0,1.5468594961730648,42.37971222391958,3.2962234868885876,100.18916373521543,65.92205764400207,0.008134805345729227,1.7286592099803957,47.36052630083276,3.306043250259027,100.48763678598867,80.69453762067678,0.0025179159403447607
wave_common_max_07,wave_common_max,common+max,7,2331.726,2.4,2.0,-5.445466892940384,-1.4085826957784282,2.4577980605065193,72396,167947,wave,0.025,4023,True,False,,77.64000000000033,160.0,77.64000000000033,2.000083340786257,0.0257609909941557,1.0304396397662279,0.010670349857326126,0.5844963612771731,0.042659100741397324,0.05230328193514464,0.23901281845941005,0.11626842091369756,0.0996062820833504,0.1367943052908237,0.10139510441193902,0.0,0.0988323229444986,-0.00659774912798784,2.9227401493690444,5.1970126191089365,5.0,469,0.0006826178168902623,0.0003758403678580433,0.002044014468470817,0.08812963966210338,61.041520183450814,0.7503955318523066,1.3984039268767594,38.312436352787934,2.2917096503927596,69.65682827941518,13.146062926819507,0.0,0.8874894330005556,24.314778986316593,3.29202328440415,100.06149800620516,99.99062571086091,0.10185423641514293,1.4307761939739037,39.199347780106955,3.297802148316553,100.23714736524478,88.96241781053823,0.00141643059490085
tripod_common_08,tripod_common,common,8,2419.3830000000003,0.95,2.0,-5.431525201672077,-1.4176226053825638,-1.7456416850701253,81519,206591,tripod,0.025,4529,True,False,,89.15999999999985,160.0,89.15999999999985,2.0002200912413963,0.022434052167355313,0.8973620866942125,0.0072277562324841475,0.30691534597272,0.0009981753744322183,0.0005898305007391285,0.001869816909300332,0.11520445789438903,0.0994678814173003,0.1285982224936414,0.10003693279072695,0.0,0.09820594455301104,0.09851325395186171,3.1567616057411976,3.814083875308365,3.0,564,0.0003567812912810454,0.0005814895679971689,0.0009643517046129042,0.16396094443820722,101.33465897229533,1.2456515166881124,0.3757755885133716,10.295221603106071,1.391670451055057,42.300013709880155,42.181548489264074,0.0,0.663528466148339,18.178862086255865,2.5101488868943447,76.29631875058799,68.17189564333079,0.0,0.576049878484931,15.782188451641947,2.202918081559088,66.95799639997227,65.17999448836659,0.0
tripod_max_08,tripod_max,max,8,2517.27,0.95,2.0,-5.447479072669764,-1.3891735908206406,-2.615854612053713,20952,49166,tripod,0.1,1165,True,False,,22.240000000000236,40.0,22.240000000000236,2.00189893267578,0.0900134412174352,0.9001344121743519,0.013058156832356267,0.5260503300246514,0.018877361029304776,0.005262695633912801,0.030874848957067318,0.11407346501989345,0.08506577972366217,0.11174138631899522,0.08751839100162741,0.0,0.0825728364947145,0.08396109843853504,3.155435759209344,3.4788858939802334,3.0,141,0.0014375071751126492,0.0022315719756675584,0.003428015858031969,0.1571732467323688,82.40203269480588,1.0120587159940881,1.4914009439320541,40.86029983375491,2.0185428329322472,61.3538854994604,41.83768669110133,0.0,1.4761406284585463,40.44220899886428,3.3033992381534483,100.4072716763966,67.38553367493546,0.003444144953578916,1.7245079641311696,47.24679353784026,3.2836036497498595,99.80558205926624,64.04437909613414,0.0016471997604073077
ripple_common_08,ripple_common,common,8,2546.588,1.3,2.0,-5.462607892622805,-1.4017311951323723,1.0121445513010396,72270,161265,ripple,0.025,4016,True,False,,78.61999999999989,160.0,78.61999999999989,2.00044737988699,0.025444510046896376,1.017780401875855,-0.0003322304908675381,-0.18457283661220975,0.07697264037188001,0.06441243525211607,0.2289067009574655,0.1162245432575917,0.10223700035519367,0.11220449964394791,0.10315244222115601,0.0,0.10169575927250991,-0.00441031934286007,2.7555951169888098,4.406917599186165,4.0,364,0.0005984768553053722,0.0003362961018037904,0.0006741909062558228,0.06119220160408231,81.93866189125004,1.007119258342895,0.6317174790522978,17.30732819321364,3.293513675758947,100.10679865528714,40.2813500556095,8.477449983045101e-05,0.7237977153123591,19.83007439211943,3.294008759431969,100.12184679124526,66.92055090804061,0.008774160732451679,0.7773876587892138,21.2982920216223,3.2826989644089792,99.77808402458903,81.71837629289763,0.0021617497456765007
ripple_max_08,ripple_max,max,8,2634.2490000000003,1.3,2.0,-5.433866882920448,-1.3853210814583379,1.7625324925095462,32274,69948,ripple,0.057,1794,True,False,,34.38000000000011,70.17543859649122,34.38000000000011,2.000189674525257,0.058178873604573904,1.0206819930627,-0.0077763808035703095,-0.4148096279750828,0.1304115859583589,0.11160552585197062,0.4123272029550207,0.11613951042389992,0.0037488383139581516,0.10792983615556764,0.09880176168202283,0.0,0.09924324368525793,-0.009201976296107615,2.7156976744186045,4.046511627906977,4.0,160,0.0013043906990817336,0.0007941360268654389,0.0014897426499756916,0.06352437753695724,80.14766076773991,0.9852253086768505,1.4325910206280186,39.24906905830188,3.2990827334499735,100.2760709255311,38.59662209393991,0.0013565891472868217,1.5466787753657303,42.37476096892412,3.2961696055147045,100.18752600348647,65.90000271531959,0.010755813953488373,1.7282522224736228,47.34937595818144,3.30604103750151,100.48756952892128,79.73112582394192,0.004554263565891473
wave_common_max_08,wave_common_max,common+max,8,2676.143,2.4,2.0,-5.4678907142649384,-1.3809345402683124,0.6877676949069409,72396,146577,wave,0.025,4023,True,False,,77.65999999999985,160.0,77.65999999999985,2.0004589633383025,0.025759193450145587,1.0303677380058234,0.012035840535465024,0.6418594811143026,0.043918794622896426,0.05082853263228809,0.24821283772669292,0.11625752836591209,0.09958752517090574,0.13716878793520643,0.10146690292351207,0.0,0.09865726243826384,-0.006378136793736465,2.9212152420185378,5.199279093717816,5.0,461,0.000687747200006364,0.00036137380047328207,0.0015867509281030999,0.0832760431072049,61.13186282684123,0.7513621164010252,1.3929190892549284,38.162166828902144,2.518232965212628,76.5420354167972,13.042515376689025,0.0,0.8884925614080312,24.342261956384416,3.2918007215747513,100.05473317856386,99.99631944317161,0.10753518709234466,1.4344455818551947,39.299878954936844,3.298106930979062,100.24641127595933,89.14323107738682,0.00017164435290078958
tripod_common_09,tripod_common,common,9,2763.567,0.95,2.0,-5.466555367391942,-1.4098028489844092,0.7245245073977453,81499,140139,tripod,0.025,4528,True,False,,89.15999999999985,160.0,89.15999999999985,2.000180482582101,0.022433607924877794,0.8973443169951117,0.003270210585122718,0.03753685290167907,0.0010554814672904653,0.0005990788725088879,0.005973700332060774,0.11513258830356546,0.09947442300795108,0.12988861651765554,0.10017129033566041,0.0,0.09817161243356884,0.09850160650455425,3.1574344023323615,3.856021529490917,3.0,567,0.00036157096291528204,0.0005844398028716323,0.000970837367953435,0.16567351207280803,100.8403136686857,1.2396057831501128,0.3784508932318562,10.36851762279058,1.3741314831775266,41.766914382295646,41.55929857053109,0.0,0.6691194607388038,18.3320400202412,2.8205663109771404,85.73149881389485,68.51999882987595,0.0,0.5799714862180906,15.889629759399742,2.4296343171550965,73.84906739073242,65.42441390771519,0.0
ripple_common_09,ripple_common,common,9,2867.4500000000003,1.3,2.0,-5.437038760903409,-1.3981285207927876,1.7547066243266682,72270,136820,ripple,0.025,4016,True,False,,78.59999999999991,160.0,78.59999999999991,2.000379126719436,0.025450116116023387,1.0180046446409354,-0.004805256068070086,-0.3278996147344571,0.07021784412071767,0.05971844630641444,0.22182630381550475,0.11622288671167404,0.10226971350035732,0.1123419886550792,0.10318142259851365,0.0,0.10173021626529406,-0.004468320452425882,2.7318748410073774,4.4024421266853215,4.0,364,0.0005872056115673657,0.0003512751359531597,0.0006619436489228028,0.06391977343937369,82.14911194583038,1.0097374805411117,0.6322266387539344,17.321277774080393,1.7500659411963904,53.19349365338572,39.99211780823017,0.0,0.7235921550408497,19.8244426038589,3.293510232771315,100.10669400520715,67.07966730242299,0.015941660306961758,0.7762397107743021,21.26684139107677,3.2827309728023013,99.7790569240821,82.51029584708041,0.0028830662257271263
ripple_max_09,ripple_max,max,9,2954.818,1.3,2.0,-5.453759802836278,-1.3810207265072636,0.630954992556215,32274,66007,ripple,0.057,1794,True,False,,34.38000000000011,70.17543859649122,34.38000000000011,2.0009845138502373,0.058201992840320856,1.0210875936898396,-0.002276731363630715,-0.3225379994494103,0.1276024296202977,0.10950946795084383,0.398745028521752,0.11614933607557333,0.003876368442897341,0.10814030320382155,0.09913470700787652,0.0,0.09932061697033655,-0.007918866041743043,2.7052325581395347,4.036046511627907,4.0,160,0.0013286722578821205,0.0007787411310600237,0.0014462118334230445,0.06226859800987398,79.83846188949875,0.9810413758826129,1.4324967794998846,39.246487109585885,2.418803961362936,73.51987724507404,38.82217621459846,0.0,1.5514031338724827,42.50419544856118,3.295429707344509,100.1650366974015,66.23852978644236,0.0125,1.7295838591252213,47.38585915411565,3.3060393494665004,100.48751822086628,78.9016636818469,0.004263565891472868
wave_common_max_09,wave_common_max,common+max,9,2996.7270000000003,2.4,2.0,-5.431292080692527,-1.418240492317744,2.2961559170562023,72414,161494,wave,0.025,4024,True,False,,77.66000000000031,160.0,77.66000000000031,2.0003010234025056,0.025757159714170714,1.0302863885668285,0.0177672472235941,0.8769454069412038,0.04457010474063184,0.05173617774230309,0.2568935746305097,0.11627018401950458,0.09956094124780976,0.13720225868449976,0.10143006471638331,0.0,0.09862735137870529,-0.006430610599063637,2.898043254376931,5.199279093717816,5.0,457,0.000694547197057893,0.00036947895275306016,0.001864785792060873,0.08440990582956363,61.24639274994338,0.752813152539054,1.3940918850817179,38.19429822141693,3.2880511587377486,99.94076470327504,13.176514920203346,0.00034328870580157915,0.8859460527185267,24.272494595028128,3.2906514175925934,100.01979992682655,99.99653861076686,0.11264160659114315,1.43225121006252,39.23975917979507,3.297898248522987,100.24006834416373,89.2222863415343,0.00017164435290078958
tripod_common_10,tripod_common,common,10,3084.626,0.95,2.0,-5.447624912498205,-1.391454438761648,-1.8444301477258798,81504,205879,tripod,0.025,4529,True,False,,89.18000000000029,160.0,89.18000000000029,2.000480280282174,0.022431938554408695,0.8972775421763477,0.009464785641897165,0.32019050732272447,0.0009977112506339848,0.0005905657251387907,0.0018410619180940053,0.11519165019857484,0.09960655071425549,0.1296615230223932,0.10017083689569087,0.0,0.09818712847103413,0.09850340063665859,3.1573991031390136,3.848878923766816,3.0,564,0.00035273672737718586,0.0005841656666605606,0.0009610572799908613,0.16469332477498758,101.7205732128117,1.250226888075406,0.37579349954909835,10.295712316413654,1.3928154155308972,42.334815061729394,42.20755150327741,0.0,0.663312159472988,18.172935875972275,2.5106785317262768,76.31241737769838,68.28343469016053,0.0,0.5757086810998634,15.772840578078451,2.203168464441701,66.9656068219362,65.18546074255794,0.0
tripod_max_10,tripod_max,max,10,3182.8770000000004,0.95,2.0,-5.44805234496036,-1.408428883035123,-2.3671171387997587,20970,50053,tripod,0.1,1166,True,False,,22.23999999999978,40.0,22.23999999999978,2.0005117561223718,0.08995106817097083,0.8995106817097083,0.0020811528345044397,0.03831055526665871,0.018640571854269712,0.005511863167441457,0.02586930380473856,0.11410827064327926,0.08552117816218438,0.11167657840165905,0.08743035614978867,0.0,0.0824984548575086,0.08417897140459936,3.1590296495956873,3.483378256963163,3.0,141,0.0014023801498449827,0.0022111212574801205,0.003441983897935573,0.15584408721713813,82.63431646260257,1.0156364237619138,1.491422176284514,40.860881542041476,2.1953232248002235,66.7271496899764,41.837949220289495,0.0,1.4790605520898747,40.52220690657192,3.2926845283274355,100.08159660569713,67.01423910825713,0.0022461814914645105,1.7233946728307012,47.21629240632058,2.8099044047930986,85.40742871711547,64.08406064772855,0.0
ripple_common_10,ripple_common,common,10,3212.204,1.3,2.0,-5.469872529175276,-1.3837263992054158,1.0254258902149642,72306,155661,ripple,0.025,4018,True,False,,78.63999999999987,160.0,78.63999999999987,2.000075255099058,0.02543330690614269,1.0173322762457075,0.0005171738761323236,-0.04728222700263637,0.0744619065005485,0.06273970752177042,0.2114763761190693,0.11622091319702733,0.1025668136668098,0.11251318729952083,0.10332027662749635,0.0,0.10178311777420325,-0.004343679677051273,2.753623188405797,4.407068395626748,4.0,364,0.0005897749321618204,0.0003488880793565222,0.0006674148246446874,0.06349523914983642,83.64006556486014,1.0282226933299081,0.6325379115026396,17.329805794592865,2.427814999415775,73.7937689792029,40.27693994429623,0.0,0.7244102132191693,19.84685515668957,3.2929162125794376,100.08863868022605,67.20243382053684,0.013348588863463006,0.7766551570004245,21.278223479463684,2.902337726310417,88.21695216748988,81.68459874681804,0.0
ripple_max_10,ripple_max,max,10,3299.818,1.3,2.0,-5.46179913073334,-1.4096872528974902,-0.20643413086950924,32292,68447,ripple,0.057,1795,True,False,,34.40000000000009,70.17543859649122,34.40000000000009,2.0002708413950208,0.05814740818008766,1.0201299680717133,-0.0005502103541547447,-0.22735302432431112,0.1301487011969013,0.11109653648214961,0.3839390045743666,0.11615206328605264,0.004116720089945703,0.1086180649571635,0.09924592872868429,0.0,0.09943937245911254,-0.009111955943241953,2.7007553747821036,4.034282393957001,4.0,160,0.0013494196582141903,0.0007313374519848141,0.0014818085893648044,0.058499071960267844,78.6689560434166,0.9670161736879168,1.4331131019926358,39.26337265733249,1.8595819286391333,56.52224707109828,38.763962720716364,0.0,1.5452655700772284,42.336043015814475,3.2944258134860362,100.13452320626251,65.78314920627844,0.010652721286073988,1.7361335390427004,47.56530243952604,3.2880052604658623,99.93936961902317,79.57083100894609,0.0030989734650397056
wave_common_max_10,wave_common_max,common+max,10,3341.766,2.4,2.0,-5.437268509869221,-1.4152949758848608,2.8067089809823793,72414,157746,wave,0.025,4024,True,False,,77.68000000000029,160.0,77.68000000000029,2.00012983329549,0.02574832432151754,1.0299329728607016,0.01887428634844128,0.9234938277863474,0.04340287533596724,0.0516129007051125,0.23776190388589843,0.11626475345846121,0.09961530074769898,0.13711028245908244,0.1015025160468097,0.0,0.09868609898904968,-0.006317126210371577,2.8990990990990992,5.2002574002574,5.0,461,0.0006814468599526924,0.00036342408914809683,0.0022019985299346935,0.08376008562695217,60.731617912059974,0.7465458732048822,1.3949742203553221,38.21847179055678,2.2414721495850296,68.12985257097354,13.003846346097161,0.0,0.8896079938170812,24.372821748413187,3.2917128141916185,100.05206122162974,99.99821370886215,0.11119691119691119,1.435376553550619,39.32538502878408,3.297843394360742,100.23840104439945,89.2284276844788,4.29000429000429e-05
