trial,condition,group,speed_label,rep,t_command,warmup_s,distance_m,stance_m,step_m,cadence_scale,posture_control,scenario,surface_mu,soft,slope_deg,obstacle_h_m,ground_x,ground_y,ground_z,start_x,start_y,start_yaw_deg,torque_msgs,contact_msgs,imu_msgs,snapshots,gait,speed_cmd_m_s,n_samples,success,fell,fall_reason,time_to_goal_s,time_limit_s,window_s,progress_m,speed_m_s,speed_ratio,lateral_drift_m,yaw_drift_deg,roll_rms_deg,pitch_rms_deg,tilt_max_deg,body_z_min_m,roll_mean_deg,pitch_mean_deg,pitch_abs_max_deg,tilt_rel_max_deg,att_err_roll_rms_deg,att_err_pitch_rms_deg,att_err_max_deg,posture_roll_mean_deg,posture_pitch_mean_deg,ssm_min_m,ssm_mean_m,ssm_p5_m,ssm_negative_frac,planned_ssm_min_m,ssm_contact_min_m,contact_feet_mean,support_feet_mean,stance_feet_planned_mean,foot_sink_max_m,foot_sink_mean_m,stance_count,centre_slip_mean_m,slip_mean_m,slip_max_m,slip_per_m,energy_j,cot,qd_peak_coxa_rad_s,qd_peak_coxa_pct,tau_peak_coxa_nm,tau_peak_coxa_pct,tau_p95_coxa_pct,tau_sat_coxa_frac,qd_peak_femur_rad_s,qd_peak_femur_pct,tau_peak_femur_nm,tau_peak_femur_pct,tau_p95_femur_pct,tau_sat_femur_frac,qd_peak_tibia_rad_s,qd_peak_tibia_pct,tau_peak_tibia_nm,tau_peak_tibia_pct,tau_p95_tibia_pct,tau_sat_tibia_frac,start_height_mm,rtf
tripod_mu100_01,tripod_mu100,,common,1,13.556000000000001,0.95,1.0,0.1,0.02,1.0,False,"{""mu"": 1.0, ""soft"": false, ""type"": ""patch""}",1.0,False,0.0,,-5.45,-1.4,0.02,-5.459535514630027,-1.408060354263435,1.885354443565682,41400,50500,4600,92,tripod,0.025,2301,True,False,,44.599999999999994,80.0,44.599999999999994,1.0003664711663656,0.022429741505972326,0.897189660238893,0.0004216389272603885,-0.07677089186135776,0.0010838314002753358,0.0006003834152114944,0.00583207928028264,0.13516127502418374,-4.348127900688738e-05,6.907616457899244e-05,0.001898278656932091,0.00583207928028264,0.013660988316694095,0.02106280370212159,0.24550109550215451,0.0,0.0,0.09958655838115416,0.12987466424650856,0.10018901450668655,0.0,0.09761535161603885,0.09849615152049919,3.158673240699238,3.8583594800537875,3.0,0.00027376826798428816,-1.6299315186461133e-05,282,0.0003623706611149918,0.0005863524994391233,0.0009635685073509079,0.16529081583649696,60.98270268225346,1.4988793400077376,0.3775968291760188,10.345118607562158,1.7339941842647977,52.70499040318534,52.58164719718122,0.0,0.6689592116428761,18.3276496340514,2.8436778569466283,86.43397741479113,79.29478464096667,0.0,0.5809139881605505,15.91545173042604,2.7277636593468095,82.91074952421913,80.50701815562206,0.0,,
tripod_mu060_01,tripod_mu060,,common,1,69.509,0.95,1.0,0.1,0.02,1.0,False,"{""mu"": 0.6, ""soft"": false, ""type"": ""patch""}",0.6,False,0.0,,-5.45,-1.4,0.02,-5.466323362314596,-1.3959959789613738,1.371363160870768,41364,47674,4597,92,tripod,0.025,2299,True,False,,44.58000000000001,80.0,44.58000000000001,1.0002234766789826,0.02243659660562993,0.8974638642251972,0.00163420721032205,-0.013072752995457848,0.001153273799953736,0.0005886369702449605,0.006292889549450004,0.13516125809290325,-8.92690076607371e-05,7.164427380318067e-05,0.0018244653245553446,0.006292889549450004,0.008915102576888559,0.008105287611520653,0.031536026727558224,0.0,0.0,0.09959056450775595,0.1302000385904928,0.10019073411785415,0.0,0.09762493912364838,0.09849487944590962,3.1560538116591927,3.8654708520179373,3.0,0.00027311399106801776,-1.4663327681258692e-05,285,0.0003666758027081651,0.0005838203055250384,0.0009612229918055088,0.1663513893366091,41.43575141670921,1.0185838051763632,0.3786808887267531,10.374818869226113,1.0361362356944808,31.493502604695465,31.419133657217408,0.0,0.6680796416854886,18.30355182699969,2.165750345613461,65.82827798217207,57.60073805717266,0.0,0.5804769024611174,15.903476779756643,1.6823149255303664,51.13419226536068,50.14038383633049,0.0,,
tripod_mu030_01,tripod_mu030,,common,1,125.35900000000001,0.95,1.0,0.1,0.02,1.0,False,"{""mu"": 0.3, ""soft"": false, ""type"": ""patch""}",0.3,False,0.0,,-5.45,-1.4,0.02,-5.462483957065336,-1.4177941349066772,-1.3501837925637714,41364,48868,4596,92,tripod,0.025,2299,True,False,,44.54000000000002,80.0,44.54000000000002,1.0000467107106978,0.022452777519324143,0.8981111007729656,0.0023888174916144,0.11278143249345485,0.0012499116966113537,0.0005873606291779239,0.007163096763959881,0.13516262120415484,-2.0765778346290952e-05,6.667050534717109e-05,0.0018557426356767218,0.007163096763959881,0.03633112502912795,0.014932288894632086,0.2669354584739563,0.0,0.0,0.09958923126673773,0.129787907218599,0.10015902126108088,0.0,0.09762493912355082,0.09849526255479092,3.1584380610412928,3.85278276481149,3.0,0.0002743863263738114,-1.597100119187303e-05,285,0.0003594555698192987,0.0005785058158323836,0.0009558209893729936,0.16486598612781855,29.61443475932179,0.7281168717040857,0.37841733751731277,10.367598288145555,2.6983080621711757,82.01544261918467,15.778186016012514,0.0,0.6708812167747592,18.380307308897514,3.2824671674522983,99.77103852438597,41.09500218996154,7.480550568521843e-05,0.5804287942955733,15.902158747823925,0.9362539371456368,28.45756647859078,27.244078527806952,0.0,,
tripod_mu015_01,tripod_mu015,,common,1,180.99800000000002,0.95,1.0,0.1,0.02,1.0,False,"{""mu"": 0.15, ""soft"": false, ""type"": ""patch""}",0.15,False,0.0,,-5.45,-1.4,0.02,-5.443702679404977,-1.397509373488783,-2.0996264201679833,41256,48506,4584,92,tripod,0.025,2293,True,False,,44.44,80.0,44.44,1.0001274352976801,0.0225051178059784,0.900204712239136,0.0027374843921292233,0.08317689897474524,0.0015874184037298678,0.0005882393192395776,0.00806518879221791,0.13516085062773311,-4.3675642766132174e-05,6.608244236824113e-05,0.0018145999567249045,0.00806518879221791,0.022488464557829893,0.03658451513977105,0.09217094799170793,0.0,0.0,0.09959135748527491,0.12975536723817058,0.10016481385692506,0.0,0.0976347993383637,0.09849558707078639,3.158344579397211,3.851102114260009,3.0,0.0002743213743281528,-1.5816951380018263e-05,282,0.0003655155044236635,0.0005824995253959428,0.0009452823082212505,0.1642433204397852,23.918018592324827,0.5880136432577959,0.37993379292592805,10.409145011669262,1.3576620121959522,41.26632255914748,7.930941429890407,0.0,0.6689881209898335,18.328441670954344,3.2824837257056156,99.77154181476035,35.76735572369395,7.49737591842855e-05,0.5786792448399949,15.854225886027258,0.6767420948702759,20.569668537090454,16.020624044166027,0.0,,
ripple_mu100_01,ripple_mu100,,common,1,292.772,1.3,1.0,0.1,0.02,1.0,False,"{""mu"": 1.0, ""soft"": false, ""type"": ""patch""}",1.0,False,0.0,,-5.45,-1.4,0.02,-5.444672624029035,-1.3813025619002528,1.0983889338577517,36792,38645,4089,82,ripple,0.025,2045,True,False,,39.18000000000001,80.0,39.18000000000001,1.0000036122551996,0.02552331833218988,1.020932733287595,0.0006496974262384068,0.0027479510113075666,0.06611090163043824,0.057277408375667686,0.2177321337582175,0.1362170057674021,0.001130447247347543,0.012772925198203623,0.18481883852806893,0.2177321337582175,0.1998808819231338,0.4341769024124585,1.4182801199970954,0.0,0.0,0.10245829701810391,0.11231815661521641,0.10319314328297699,0.0,0.1004667062266928,-0.004601820367516554,2.686734693877551,4.384183673469388,4.0,0.00012725393604250818,-7.183570827073993e-06,182,0.0006364797447194704,0.00031988953958293667,0.0006053765180981384,0.05821967361236294,49.49485728450645,1.2169635968293853,0.6388514493461376,17.502779434140756,2.317102263177379,70.42864021815743,50.29081249521935,0.0,0.7353378519534944,20.14624251927382,3.293746705319674,100.11388162065879,77.39523084492942,0.006972789115646258,0.7883739948128037,21.59928752911791,3.2974894491656297,100.22764283178205,100.20449430291802,0.1489795918367347,,
ripple_mu060_01,ripple_mu060,,common,1,343.529,1.3,1.0,0.1,0.02,1.0,False,"{""mu"": 0.6, ""soft"": false, ""type"": ""patch""}",0.6,False,0.0,,-5.45,-1.4,0.02,-5.454335006676799,-1.412509897211196,-0.9242360065696015,36810,38957,4091,82,ripple,0.025,2046,True,False,,39.200000000000045,80.0,39.200000000000045,1.0000897048501205,0.02551249247066631,1.0204996988266524,0.0019727665085619503,0.11716086632125348,0.05969829535140204,0.052543769722450694,0.21661413684143482,0.13622250151181722,0.0035180758673530282,0.020118863297772904,0.1836273172437218,0.21661413684143482,0.1680411007617033,0.36153343489873896,0.9270248988444,0.0,0.0,0.10246965377597383,0.11239213409524366,0.10320541753090016,0.0,0.10046670622651598,-0.003884021770580511,2.707802141764406,4.363590005099439,4.0,0.00012676793090624777,-5.163566037566514e-06,183,0.0006358978007679819,0.00033461260524594215,0.0006404244924175581,0.06122849513306687,32.30038480159012,0.7941217045798477,0.637610400108071,17.468778085152632,1.5803216550979602,48.03409286012037,30.040798727615044,0.0,0.7317095938650751,20.046838188084248,3.291384704045986,100.04208826887495,56.21734456218902,0.00025497195308516065,0.7849371404691116,21.505127136140043,3.2828276273443366,99.7819947521075,60.096369315278444,0.00016998130205677376,,
ripple_mu030_01,ripple_mu030,,common,1,394.04900000000004,1.3,1.0,0.1,0.02,1.0,False,"{""mu"": 0.3, ""soft"": false, ""type"": ""patch""}",0.3,False,0.0,,-5.45,-1.4,0.02,-5.449557361057217,-1.3843516236199767,1.653383654836137,36720,38446,4081,82,ripple,0.025,2041,True,False,,39.120000000000005,80.0,39.120000000000005,1.000291940903927,0.02556983489018218,1.0227933956072872,0.0006138426899190697,-0.08715685637303351,0.06309774475434839,0.05500422902381604,0.2150543790469151,0.13621924998133453,-0.003339957722411448,0.015794392138188368,0.1828474352029925,0.2150543790469151,0.17250384039436303,0.14010222397526892,0.47034982470521874,0.0,0.0,0.102373497638759,0.11221759395190938,0.10327270297374695,0.0,0.10039490623053231,-0.00411411441139059,2.6821665815022993,4.380173735309147,4.0,0.0001257989610875601,-2.8530208354971e-06,182,0.0006513549279550882,0.0003286560386122675,0.0006017855553354655,0.05979793030288098,20.342458755411656,0.5000296577563791,0.6412878701210454,17.56953068824782,1.3213231283757623,40.16179721506876,15.000305549500334,0.0,0.7347827425299306,20.131034041915907,2.404077986783559,73.07227923354283,39.97560654944028,0.0,0.7846833874236381,21.498174997907896,1.5447728774544924,46.953582901352355,26.2147337957468,0.0,,
ripple_mu015_01,ripple_mu015,,common,1,444.46200000000005,1.3,1.0,0.1,0.02,1.0,False,"{""mu"": 0.15, ""soft"": false, ""type"": ""patch""}",0.15,False,0.0,,-5.45,-1.4,0.02,-5.457274135975386,-1.383031324139727,-0.17454068750545493,36684,38971,4076,82,ripple,0.025,2039,True,False,,39.04000000000002,80.0,39.04000000000002,1.00009847655495,0.025617276551100143,1.0246910620440057,0.001732765291851645,0.05021293152000433,0.07281780413413837,0.062498067198238576,0.2166382347382798,0.1362172007244953,0.008387428459180417,0.024281574031931746,0.18310715765277855,0.2166382347382798,0.10252190507084856,0.08464980776550993,0.30867472537666246,0.0,0.0,0.1023727753295866,0.11228470132482034,0.10327434776324744,0.0,0.10039490623030589,-0.004006369859336462,2.6769073220686126,4.387096774193548,4.0,0.00013373824493664171,-2.6316079689558958e-06,182,0.0006428133424021023,0.00032716949070583814,0.0005998542096575043,0.05953889475005218,13.95520335907479,0.3430930521396411,0.6400495916119471,17.535605249642387,0.6483135817952382,19.705579993776237,7.562927241253211,0.0,0.7326100755721799,20.071508919785753,2.125449458323989,64.60332700072915,35.43503049210986,0.0,0.7793735244917466,21.35269930114374,0.885342053371849,26.910092807654983,14.261167696189808,0.0,,
wave_mu100_01,wave_mu100,,capped,1,545.432,2.4,1.0,0.1,0.02,1.0,False,"{""mu"": 1.0, ""soft"": false, ""type"": ""patch""}",1.0,False,0.0,,-5.45,-1.4,0.02,-5.461923702098822,-1.3846220130524682,1.0788687689075016,38214,40204,4247,85,wave,0.0245,2124,True,False,,39.65999999999997,81.63265306122449,39.65999999999997,1.0000805395281862,0.025216352484321407,1.0292388769110778,0.007865961193442225,0.7851322397039436,0.044214208849514325,0.05220683964943401,0.25195311092956574,0.1362704796457555,-0.007197428375058196,0.014338571889290625,0.25195311092956574,0.25195311092956574,0.20533379748440622,0.3091920597728915,1.1850201559980114,0.0,0.0,0.09962347402989497,0.13706769447377382,0.1015173985286244,0.0,0.09844558945344925,-0.006382984176154801,2.955141129032258,5.202116935483871,5.0,4.7923976534698653e-05,-4.497838829838063e-06,235,0.0006357721902666654,0.0003605885478197516,0.0018236720290631199,0.08472886373743323,34.583605368929824,0.850239013380294,1.3832414537309223,37.89702612961431,3.2945389020063685,100.13796054730604,13.385257136519632,0.0004200268817204301,0.8716957610459667,23.88207564509498,3.2906601368614345,100.02006495019558,99.99815772653939,0.1345766129032258,1.412445114448283,38.69712642324063,3.2976606417713175,100.23284625444734,94.87325492618793,0.011928763440860215,,
wave_mu060_01,wave_mu060,,capped,1,597.623,2.4,1.0,0.1,0.02,1.0,False,"{""mu"": 0.6, ""soft"": false, ""type"": ""patch""}",0.6,False,0.0,,-5.45,-1.4,0.02,-5.436030547055423,-1.3942225492317792,-0.5607456139467812,38160,42320,4240,85,wave,0.0245,2121,True,False,,39.58000000000004,81.63265306122449,39.58000000000004,1.0001414531405086,0.0252688593517056,1.0313820143553305,0.004471491146688712,0.3011895953108871,0.04664007811761746,0.05111628701391244,0.2245393590445882,0.13629557716010748,-0.007903990591803602,0.016345847352126963,0.21661969686951582,0.2245393590445882,0.1373563179518924,0.1852694924931041,0.7336964065421889,0.0,0.0,0.09975105680700473,0.13759168722364212,0.10153053084701283,0.0,0.09844558945382514,-0.006114510162685361,2.8585858585858586,5.207070707070707,5.0,7.29986127256041e-05,-4.019275623219631e-06,217,0.0007010894733013226,0.00040884082948329075,0.0019157120526040832,0.08870502572877907,23.8252072767333,0.5857200498703697,1.3799247127117737,37.806156512651334,0.964331332746793,29.310982758261183,10.515510980627388,0.0,0.873240372773386,23.924393774613314,3.289922593543363,99.99764722016302,87.23844637537057,0.00101010101010101,1.4137563148477796,38.73304972185697,3.2953721273916816,100.16328654685962,70.93076793330609,0.0011784511784511784,,
wave_mu030_01,wave_mu030,,capped,1,649.813,2.4,1.0,0.1,0.02,1.0,False,"{""mu"": 0.3, ""soft"": false, ""type"": ""patch""}",0.3,False,0.0,,-5.45,-1.4,0.02,-5.449336872235,-1.3962622592897636,2.172707909445769,38088,40992,4233,85,wave,0.0245,2117,True,False,,39.539999999999964,81.63265306122449,39.539999999999964,1.0004646335933571,0.02530259569027208,1.0327590077662072,0.0021745200788587313,0.09445017457238385,0.048031131274217376,0.056465162801358625,0.22609618749519472,0.1362957646443152,-0.008592294367189127,0.020660358398367166,0.22609618749519472,0.22609618749519472,0.10487628451119217,0.15709411781944685,0.6196449007297766,0.0,0.0,0.09975003980537832,0.13754307042330527,0.10152718386695644,0.0,0.09844558945420387,-0.003744971987594103,2.8367037411526796,5.206268958543983,5.0,7.29148909824548e-05,-2.851795872220453e-06,217,0.0008157687456455007,0.0004578448858968018,0.002115387311848011,0.09930596467572024,14.294594696986326,0.35130817071932535,1.3802244527398506,37.81436856821509,0.4708899484897028,14.31276439178428,5.189332852650928,0.0,0.8720990846444256,23.893125606696593,3.289978051292794,99.99933286604238,63.370210772541526,0.0006740815638692282,1.4130120416043888,38.71265867409284,1.8684673286745037,56.792320020501634,36.142629090905075,0.0,,
wave_mu015_01,wave_mu015,,capped,1,701.82,2.4,1.0,0.1,0.02,1.0,False,"{""mu"": 0.15, ""soft"": false, ""type"": ""patch""}",0.15,False,0.0,,-5.45,-1.4,0.02,-5.452472553353635,-1.3843103956013343,0.6823016304155234,38052,40834,4228,85,wave,0.0245,2115,True,False,,39.48000000000002,81.63265306122449,39.48000000000002,1.0002557206974074,0.025335757869741817,1.0341125661119108,0.0028695541225608467,0.10834845262839234,0.05138502029847916,0.059391411807281726,0.23823059777504554,0.13629555174790584,-0.010552398970786555,0.023171287557893206,0.23823059777504554,0.23823059777504554,0.07397930573566092,0.07243442440469039,0.3488442260648585,0.0,0.0,0.0997473119714441,0.13752553450959729,0.10145242565573633,0.0,0.09842589164979294,-0.004397589524120399,2.8840506329113924,5.207088607594937,5.0,8.087234488018263e-05,-3.1519301738440475e-06,217,0.0009695076157535788,0.000619984268664724,0.0027676743818453873,0.13450163782416447,9.508152024116844,0.2337235409758435,1.377095115115277,37.72863329082951,0.6603503181988222,20.071438243125296,2.7441407646675975,0.0,0.8695766276770122,23.82401719663047,3.288505284104862,99.95456790592286,50.75228844446811,8.438818565400843e-05,1.4096018623272746,38.61922910485684,1.1407582982374902,34.67350450569879,19.3246598030446,0.0,,
tripod_mu100_02,tripod_mu100,,common,2,806.113,0.95,1.0,0.1,0.02,1.0,False,"{""mu"": 1.0, ""soft"": false, ""type"": ""patch""}",1.0,False,0.0,,-5.45,-1.4,0.02,-5.456438985014028,-1.3990868598430493,-1.7026596538859133,41418,48866,4603,93,tripod,0.025,2302,True,False,,44.59999999999991,80.0,44.59999999999991,1.000030637401513,0.022422211600930834,0.8968884640372333,0.0028083620686401266,0.17068748919238988,0.001141403108843935,0.0006495370651823641,0.005874410840895621,0.13516153928713995,3.2474134567989524e-05,4.280828306755947e-05,0.0021964767751357322,0.005874410840895621,0.02058403568933853,0.05117705158786991,0.3753980399048213,0.0,0.0,0.09935651542488576,0.12974367583196544,0.10026380186991754,0.0,0.09759520162206918,0.09853866200688857,3.16001792917974,3.8511878081577766,3.0,0.0002729361286183882,-1.4066179739154194e-05,285,0.00034879938014526206,0.0005877054858320261,0.0009664485205852388,0.16749027152766371,61.361781777030316,1.5086973076386432,0.37942570706270895,10.395224851033122,2.541774722552895,77.25759035115182,52.7392068419507,0.0,0.6689933995636999,18.328586289416435,3.137946843178954,95.37832350088007,79.05348677373892,0.0,0.5816249022601809,15.934928829046052,2.7588711900415146,83.85626717451413,80.32802666548537,0.0,,
tripod_mu060_02,tripod_mu060,,common,2,862.1750000000001,0.95,1.0,0.1,0.02,1.0,False,"{""mu"": 0.6, ""soft"": false, ""type"": ""patch""}",0.6,False,0.0,,-5.45,-1.4,0.02,-5.465971855919261,-1.418455834803161,1.2116968583159369,41382,46733,4599,92,tripod,0.025,2300,True,False,,44.58000000000004,80.0,44.58000000000004,1.000229007553207,0.022436720671897847,0.8974688268759138,0.0011902422803581995,-0.046192454109269136,0.0013261731252418882,0.0006565030564646214,0.006261587198348326,0.13518273619385107,1.978156702121874e-05,6.72665827900404e-05,0.004794150980193274,0.006261587198348326,0.03530739277697112,0.05035294252497737,0.36642977031015744,0.0,0.0,0.09935421868655378,0.12956115602271154,0.1002656258564734,0.0,0.09759520162139841,0.09853734809576509,3.1573991031390136,3.8452914798206277,3.0,0.0002737263586970115,-1.3361773802459537e-05,285,0.0003622614652232158,0.0005857512990237159,0.0009637968886705302,0.16690078048727844,41.54937374342536,1.0213718893669017,0.37913383650404175,10.387228397371008,1.580589124020679,48.0422226146103,31.377389234579418,0.0,0.6714161374810643,18.394962670714094,2.5309608874886087,76.92890235527686,57.61187447495968,0.0,0.5783305216619797,15.84467182635561,1.771188724680727,53.83552354652666,50.16517925266141,0.0,,
tripod_mu030_02,tripod_mu030,,common,2,918.1400000000001,0.95,1.0,0.1,0.02,1.0,False,"{""mu"": 0.3, ""soft"": false, ""type"": ""patch""}",0.3,False,0.0,,-5.45,-1.4,0.02,-5.451742775164738,-1.3840906341162729,2.011099228153678,41328,48137,4592,92,tripod,0.025,2297,True,False,,44.51999999999998,80.0,44.51999999999998,1.0000170549413516,0.022462197999581133,0.8984879199832453,0.0003949541128659001,-0.07038990690259649,0.0012842402754003474,0.00062926413332544,0.007458818470432044,0.1351814493980355,2.053020880215867e-05,3.362229670423298e-05,0.0021682152140039563,0.007458818470432044,0.041660205457388036,0.033829699333517364,0.27887509963775403,0.0,0.0,0.09935594215248245,0.1297924284331116,0.10015997835049477,0.0,0.09759520162075719,0.09853790495342597,3.1535698248765156,3.855410866636731,3.0,0.00027032393176210784,-1.3950940073878537e-05,282,0.0003735391541960601,0.0005869811095340535,0.0009594754925243888,0.16552583694529818,29.51870743578162,0.7257868035102439,0.3793168911294834,10.392243592588587,0.5394298600334199,16.396044377915498,15.7864478279531,0.0,0.6720943255210872,18.413543164961293,1.7308862833301033,52.610525329182465,41.14238302473311,0.0,0.5791461421326256,15.867017592674674,0.9608767409083389,29.20597996681881,27.275860493324526,0.0,,
tripod_mu015_02,tripod_mu015,,common,2,973.9830000000001,0.95,1.0,0.1,0.02,1.0,False,"{""mu"": 0.15, ""soft"": false, ""type"": ""patch""}",0.15,False,0.0,,-5.45,-1.4,0.02,-5.454596194620768,-1.381052849211791,0.5523720664701879,41256,47023,4584,92,tripod,0.025,2293,True,False,,44.43999999999994,80.0,44.43999999999994,1.000306382117676,0.022509144512098952,0.900365780483958,0.0019257509940596076,0.01601693507908345,0.001572723631707871,0.0006464785696460877,0.007809113023659276,0.13517828545171215,4.054192501400589e-05,4.9350733110920915e-05,0.005088107745721831,0.007809113023659276,0.02983967291316493,0.03880791131807733,0.18375935578782598,0.0,0.0,0.09935511106559534,0.12972995488276542,0.10011418183648879,0.0,0.09759520162008166,0.09854038232045988,3.1538461538461537,3.851551956815115,3.0,0.0002709425003302249,-1.2780645552865066e-05,282,0.00037760164028733566,0.0005763527529033325,0.0009572761025657119,0.16248139373530596,23.662674201327178,0.5816331501553572,0.37978500503489415,10.405068631092991,0.2689317900043271,8.174218541164958,7.7866555478983415,0.0,0.6697444507479304,18.349163034189875,1.5894518258209227,48.31160564805236,35.75327241361422,0.0,0.5777822543666068,15.829650804564569,0.6070064961572117,18.450045475903092,16.02746317724474,0.0,,
ripple_mu100_02,ripple_mu100,,common,2,1086.0130000000001,1.3,1.0,0.1,0.02,1.0,False,"{""mu"": 1.0, ""soft"": false, ""type"": ""patch""}",1.0,False,0.0,,-5.45,-1.4,0.02,-5.463128919396727,-1.4127517509507603,0.6228331035746315,36810,36743,4091,82,ripple,0.025,2046,True,False,,39.22000000000003,80.0,39.22000000000003,1.0004921680796768,0.02550974421416818,1.0203897685667271,0.0018558958364240478,0.0024251066463919168,0.06285081518096272,0.05514542551693064,0.22128409213958958,0.13621991926099836,-0.0026102444523454595,0.015964859450846695,0.1883511032779217,0.22128409213958958,0.11551688962520437,0.22509508044584134,1.1260096640844846,0.0,0.0,0.10243297555739365,0.1122836857436849,0.10332068818983925,0.0,0.10046376763608117,-0.00461764249937555,2.672782874617737,4.376146788990826,4.0,0.00013424090372676084,-6.167795903188472e-06,182,0.0006341971334592201,0.00030700971980830813,0.0006149257943206982,0.05584818617763187,49.53298904673734,1.2173046108680103,0.6390737444712612,17.5088697115414,2.5434331206200818,77.30799758723653,50.4577844039765,0.0,0.7303336123772372,20.009140065129785,3.2941642154086703,100.12657189692007,77.42095350868253,0.004757050628610262,0.784014591929226,21.479851833677426,3.297394505863005,100.22475701711261,100.20480163624237,0.14848793747876315,,
ripple_mu060_02,ripple_mu060,,common,2,1136.7230000000002,1.3,1.0,0.1,0.02,1.0,False,"{""mu"": 0.6, ""soft"": false, ""type"": ""patch""}",0.6,False,0.0,,-5.45,-1.4,0.02,-5.465494685795547,-1.419203570046503,1.9979817851305233,36846,38197,4094,82,ripple,0.025,2048,True,False,,39.24000000000001,80.0,39.24000000000001,1.000346279678706,0.025493024456643875,1.019720978265755,0.0008790688835026358,-0.05748108747217226,0.06299809972753073,0.05491518863892376,0.22333456529976511,0.13621942962214958,0.006156095472030918,0.017605583825380407,0.18839690918215468,0.22333456529976511,0.19742481547107912,0.27915386002555664,0.833698005396354,0.0,0.0,0.10243969728544683,0.1122914087040116,0.10333506544262006,0.0,0.10043983729313877,-0.003964287582951896,2.7111563932755987,4.365766683647478,4.0,0.00013554568361454772,-5.721807315551414e-06,183,0.0006278804297251867,0.0003550553647782704,0.0006401951065992878,0.06495261489603879,32.45759349628056,0.7977833334839953,0.6393229236844281,17.5156965392994,2.740866618643285,83.30901576423359,29.90675565856795,0.0,0.7267079154661276,19.909805903181578,3.291426142089308,100.04334778386955,56.41874933099276,0.00025471217524197657,0.7845277429919079,21.49391076690159,3.2968682576860195,100.20876163179392,60.10511209359797,0.0005094243504839531,,
ripple_mu030_02,ripple_mu030,,common,2,1191.747,1.3,1.0,0.1,0.02,1.0,False,"{""mu"": 0.3, ""soft"": false, ""type"": ""patch""}",0.3,False,0.0,,-5.45,-1.4,0.02,-5.466023555282694,-1.4019766185779294,-0.06900856149618373,36738,37762,4082,82,ripple,0.025,2042,True,False,,39.12000000000012,80.0,39.12000000000012,1.000340826541878,0.025571084523054066,1.0228433809221626,0.0009059159783077801,0.05218756703846173,0.06161041978880292,0.05407998192943025,0.22162017452586724,0.13621926065693232,0.0007599480828859351,0.01878413341620912,0.18762634918119422,0.22162017452586724,0.08113478151536382,0.09670640472213667,0.3869772058788508,0.0,0.0,0.10244030947805317,0.11221886222871277,0.10333645715601784,0.0,0.10046376763562144,-0.00386856245781319,2.707715891670925,4.364844149207971,4.0,0.00013621786996129842,-2.728098645706639e-06,182,0.0006499919498817578,0.00034473516193142637,0.000612446700144957,0.06272039696748444,20.000603199481933,0.49160251185236453,0.6371189067161186,17.455312512770373,1.309212658400885,39.7936978237351,15.136177718132693,0.0,0.7326556586931449,20.072757772414928,2.4167426637198512,73.45722382127207,39.91123758459138,0.0,0.786394991570598,21.545068262208165,1.5483526614010181,47.06239092404311,26.123087258501144,0.0,,
ripple_mu015_02,ripple_mu015,,common,2,1242.1000000000001,1.3,1.0,0.1,0.02,1.0,False,"{""mu"": 0.15, ""soft"": false, ""type"": ""patch""}",0.15,False,0.0,,-5.45,-1.4,0.02,-5.445189103664657,-1.399839420703936,2.6240588623738086,36666,38396,4074,82,ripple,0.025,2038,True,False,,39.059999999999945,80.0,39.059999999999945,1.0004607909013463,0.025613435506946947,1.0245374202778779,6.407970792531026e-05,-0.13357178378200008,0.07250940500313258,0.06235856027853162,0.22098127327346734,0.13621947249094313,0.0074977774069711275,0.02472600267209897,0.18714654979386808,0.22098127327346734,0.06815906614685752,0.10356088682352076,0.27880457541114684,0.0,0.0,0.10244446281867972,0.11226075862643631,0.10333698576248784,0.0,0.10046376763539512,-0.003951072976713491,2.6617195496417603,4.365404298874104,4.0,0.00013255756472158736,-1.7178195374847882e-06,182,0.0006304824201411878,0.0003370384952993363,0.0006055192853618336,0.061312753659632846,13.80089654308248,0.33917700264333434,0.6385491353897145,17.49449685999218,0.5022322856857507,15.265419017803973,7.425115239673802,0.0,0.7308745856505221,20.023961250699237,2.043665164914844,62.117482216256654,35.42250785101811,0.0,0.784815955452274,21.50180699869244,0.88675437894713,26.95302063669088,14.279818852899835,0.0,,
wave_mu100_02,wave_mu100,,capped,2,1343.2520000000002,2.4,1.0,0.1,0.02,1.0,False,"{""mu"": 1.0, ""soft"": false, ""type"": ""patch""}",1.0,False,0.0,,-5.45,-1.4,0.02,-5.449737940335721,-1.3814095276449858,-1.6402436198451797,38214,40984,4247,85,wave,0.0245,2124,True,False,,39.659999999999854,81.63265306122449,39.659999999999854,1.00029613380234,0.02522178854771416,1.0294607570495575,0.007632251644356566,0.7541570758894297,0.042835328601962874,0.05115861783594805,0.2580589091263941,0.13626756846703558,-0.005600795530896189,0.01598176009770714,0.2580589091263941,0.2580589091263941,0.19553564151360436,0.23302358736841883,0.9327738391261361,0.0,0.0,0.09965085125963079,0.13733167675515237,0.10149258872939113,0.0,0.09833611402671932,-0.0063028922297484295,2.9319556451612905,5.201612903225806,5.0,4.814408843229617e-05,-3.889464534952147e-06,234,0.0006496655847708428,0.0003556528935838204,0.0017762272085406982,0.08319571765911316,35.02651731592952,0.8609439877256239,1.3819084225330018,37.86050472693156,3.2944317566873815,100.13470385068028,13.337864639855262,0.00016801075268817206,0.8682291901683182,23.787101100501868,3.291711566962008,100.05202331191514,99.99901314558362,0.1309643817204301,1.404898534296247,38.4903708026369,3.2975952806950444,100.23085959559405,95.53892874417977,0.008484543010752688,,
wave_mu060_02,wave_mu060,,capped,2,1395.4560000000001,2.4,1.0,0.1,0.02,1.0,False,"{""mu"": 0.6, ""soft"": false, ""type"": ""patch""}",0.6,False,0.0,,-5.45,-1.4,0.02,-5.4424389145140575,-1.3977961328440853,-2.7479292655878833,38142,41298,4239,85,wave,0.0245,2120,True,False,,39.56000000000017,81.63265306122449,39.56000000000017,1.0000593310114656,0.025279558417883246,1.03181871093401,0.0046350802784467515,0.29593918725834123,0.04578709756563262,0.05215619248280459,0.2338982507364663,0.13629522409301525,-0.0064733200590723515,0.01699051758418526,0.2185857007051794,0.2338982507364663,0.11987752174612766,0.17319810876446445,0.7592338263270596,0.0,0.0,0.09965096221588979,0.13719695862755968,0.10149131770516699,0.0,0.0983373922017446,-0.006062885410509275,2.8458817584638707,5.198585144012127,5.0,6.871216847836176e-05,-3.7240532326440756e-06,216,0.0007556407750082021,0.0004253506062434689,0.0021356197077896,0.0918692934557982,23.88135776020708,0.5871482289042911,1.3750393506433163,37.67231097652922,1.2951969858471564,39.36768953942724,10.292274954036106,0.0,0.8753780808361931,23.98296111879981,3.2899168717309437,99.9974733048919,85.71338265128823,0.0001684352366515075,1.4152386004869946,38.77366028731492,2.710050661425415,82.37236052964788,69.0604289116494,0.0,,
wave_mu030_02,wave_mu030,,capped,2,1447.688,2.4,1.0,0.1,0.02,1.0,False,"{""mu"": 0.3, ""soft"": false, ""type"": ""patch""}",0.3,False,0.0,,-5.45,-1.4,0.02,-5.458154000008651,-1.3829133225839363,1.707389144579999,38106,40773,4235,85,wave,0.0245,2118,True,False,,39.54000000000019,81.63265306122449,39.54000000000019,1.0004886363535106,0.02530320274035169,1.032783785320477,0.002371567080362645,0.07545290756893691,0.04712416206699213,0.05555569317277106,0.2314164869497379,0.13629551167000453,-0.006721529215882365,0.019003170821067176,0.21946336535403538,0.2314164869497379,0.11589366369936854,0.087975288397129,0.5630406525007696,0.0,0.0,0.09965216534691292,0.13745982717240912,0.10149100045663252,0.0,0.09833739220179084,-0.004164001071570623,2.832659251769464,5.202224469160768,5.0,6.893362950000786e-05,-2.986695186051047e-06,217,0.0008064761502319847,0.00045284164959632454,0.0021450308433526204,0.0982183688258183,14.323518313056292,0.3520104032586339,1.3717121969298793,37.58115608027067,0.5840617667420138,17.752637286991302,5.142434830736271,0.0,0.8736001397054282,23.93425040288844,3.289924710243636,99.99771155755734,63.22593680773367,0.00016852039096730705,1.4142169581375295,38.74567008595971,1.8694768848494308,56.82300561852373,36.00593940650028,0.0,,
wave_mu015_02,wave_mu015,,capped,2,1500.057,2.4,1.0,0.1,0.02,1.0,False,"{""mu"": 0.15, ""soft"": false, ""type"": ""patch""}",0.15,False,0.0,,-5.45,-1.4,0.02,-5.469486756258784,-1.40813494681349,-2.941167905720617,38034,40044,4226,85,wave,0.0245,2114,True,False,,39.460000000000036,81.63265306122449,39.460000000000036,1.000004964749856,0.025342244418394704,1.0343773231997837,0.0029466991336447174,0.08853466186805008,0.051097321453755846,0.05917032665001128,0.2494590961593618,0.13629604372627577,-0.009443942457036392,0.02138874036503014,0.2494590961593618,0.2494590961593618,0.059867949289859126,0.06040004965822499,0.22549778986799163,0.0,0.0,0.09964785590092327,0.13796469017537263,0.10154727089959617,0.0,0.09833644135822299,-0.0031048914781893794,2.880952380952381,5.207700101317123,5.0,6.866475366155284e-05,-2.8313802118984377e-06,216,0.0009977093212011805,0.0006423376322608144,0.002821470192152622,0.13874363738719614,9.699557877663489,0.23848829494880286,1.3808853700675556,37.8324758922618,1.0170800270949898,30.914286537841637,2.7119778088288164,0.0,0.8684949385833758,23.7943818789966,2.970061800338493,90.27543466074447,50.91439844719913,0.0,1.4167442792369207,38.81491175991564,1.034992221403445,31.458730133843314,19.533117158633743,0.0,,
tripod_mu100_03,tripod_mu100,,common,3,1604.432,0.95,1.0,0.1,0.02,1.0,False,"{""mu"": 1.0, ""soft"": false, ""type"": ""patch""}",1.0,False,0.0,,-5.45,-1.4,0.02,-5.430724666272196,-1.4021652048233915,-1.0896420056179439,41400,46101,4601,93,tripod,0.025,2301,True,False,,44.59999999999991,80.0,44.59999999999991,1.0002576186169247,0.022427300865850375,0.897092034634015,0.002795314336153862,0.12778389695992345,0.00210019207477545,0.0006841317536315003,0.0064686954552462825,0.13518348152878534,0.00019025187400038582,4.4644787774173004e-05,0.004874486895626513,0.0064686954552462825,0.04232439852709004,0.08467297318246772,0.5168795916862751,0.0,0.0,0.09947034879591037,0.128143456621082,0.10004313803068904,0.0,0.09766074122436504,0.09851360112391644,3.147915732855222,3.8103989242492156,3.0,0.0002689789166341952,-1.2292564477617979e-05,285,0.0003649741833628376,0.0005850052636016486,0.0009672976316737005,0.16668290846314407,61.15087888558424,1.5031707313761198,0.3801150963765731,10.414112229495155,2.5769787765550407,78.32762238769119,52.49631315661978,0.0,0.6668578405244704,18.270077822588227,3.290656405248058,100.0199515272966,79.27944169671765,7.470491558344539e-05,0.5809866571803507,15.917442662475363,2.968743485338556,90.23536429600473,80.53849844140518,0.0,,
tripod_mu060_03,tripod_mu060,,common,3,1660.419,0.95,1.0,0.1,0.02,1.0,False,"{""mu"": 0.6, ""soft"": false, ""type"": ""patch""}",0.6,False,0.0,,-5.45,-1.4,0.02,-5.468039464417476,-1.404416188628047,-0.8037656564271705,41364,47761,4596,92,tripod,0.025,2299,True,False,,44.57999999999993,80.0,44.57999999999993,1.0003610322429628,0.02243968219477264,0.8975872877909056,0.0021005538103297007,0.11908760554347149,0.0021255745229421578,0.0007002326940122529,0.006673611650589088,0.13518708321415948,9.292867765386331e-05,2.5961621424643427e-05,0.00484426505170817,0.006673611650589088,0.04832763956069474,0.07160777627831653,0.458604705229866,0.0,0.0,0.09947283534075455,0.1278167502883769,0.10004491021920894,0.0,0.09763995976634345,0.09851556720274388,3.1515695067264575,3.798206278026906,3.0,0.0002700597424220505,-1.1254912575947573e-05,282,0.0003716172906974658,0.0005841775573659425,0.000967005801066444,0.16467825384226648,41.51008574514963,1.0202699098232462,0.3801583051867122,10.415296032512662,1.5681454096711591,47.66399421492885,31.426922546302556,0.0,0.672002086140554,18.411016058645316,3.29065357190906,100.01986540757022,57.49043982101272,7.473841554559044e-05,0.5825765164378052,15.961000450350827,2.771417831233835,84.23762404966064,50.12522690359085,0.0,,
tripod_mu030_03,tripod_mu030,,common,3,1716.0580000000002,0.95,1.0,0.1,0.02,1.0,False,"{""mu"": 0.3, ""soft"": false, ""type"": ""patch""}",0.3,False,0.0,,-5.45,-1.4,0.02,-5.449060768477781,-1.4197285813407405,-2.112222718258689,41346,47472,4594,92,tripod,0.025,2298,True,False,,44.51999999999998,80.0,44.51999999999998,1.0001838409662043,0.022465944316401722,0.8986377726560688,0.0034220993000317057,0.14068793340262417,0.002354491934715321,0.0007259991692927358,0.007581274802793585,0.13518995639891204,8.955524323829755e-05,5.483973914343101e-06,0.005031700999624643,0.007581274802793585,0.05934405013568043,0.07142153195156319,0.32320468832548943,0.0,0.0,0.09947241288369459,0.12815310143342276,0.1000436231079678,0.0,0.09766074122718153,0.09851453549417279,3.1513246519982037,3.811854512797485,3.0,0.0002694468872684666,-1.3028414114719944e-05,282,0.0003625929014741284,0.0005810602681689774,0.0009565542022410285,0.16382791824498635,29.59476139401582,0.7275312265061932,0.37916037717224355,10.387955538965578,0.8378470574738416,25.466475911059014,15.867841462667975,0.0,0.6673666644919953,18.284018205260146,2.3267485724130967,70.72184110678106,41.11112621046435,0.0,0.5818705194039242,15.941658065860938,1.2629330864165524,38.38702390323868,27.237467008989174,0.0,,
tripod_mu015_03,tripod_mu015,,common,3,1771.7630000000001,0.95,1.0,0.1,0.02,1.0,False,"{""mu"": 0.15, ""soft"": false, ""type"": ""patch""}",0.15,False,0.0,,-5.45,-1.4,0.02,-5.461604538970064,-1.402379819250052,-1.186179802140802,41292,46063,4588,92,tripod,0.025,2295,True,False,,44.48000000000002,80.0,44.48000000000002,1.000314885018538,0.022489093638006687,0.8995637455202674,0.0018844453329536458,0.012604256162802916,0.0024919004280077534,0.0007298928750458002,0.008365681163331631,0.13519053682473248,0.00010521619906165746,1.4367663034824901e-05,0.004675907874966133,0.008365681163331631,0.03541562557817313,0.042790824357499334,0.2109579939080565,0.0,0.0,0.09946759188094956,0.12834909754698284,0.10004646435895756,0.0,0.09766074122897324,0.09851429397755644,3.147865168539326,3.8134831460674157,3.0,0.00027660011782781185,-1.1629853111743554e-05,282,0.00038004772400104103,0.0005781494330866579,0.0009538754380233953,0.1629865288121254,23.89275432208214,0.5872836185475336,0.3778138575772324,10.351064591157053,0.42247445466327627,12.841168834750038,7.879452230412981,0.0,0.6727000747320333,18.43013903375434,2.4625014833462173,74.8480694026206,35.78597311260897,0.0,0.5829206955245106,15.970430014370155,0.9552024830510969,29.033510123133645,16.04984615364814,0.0,,
ripple_mu100_03,ripple_mu100,,common,3,1883.8110000000001,1.3,1.0,0.1,0.02,1.0,False,"{""mu"": 1.0, ""soft"": false, ""type"": ""patch""}",1.0,False,0.0,,-5.45,-1.4,0.02,-5.431525201672077,-1.4176226053825638,-1.7456416850701253,36854,38714,4096,82,ripple,0.025,2048,True,False,,39.24000000000001,80.0,39.24000000000001,1.0002212080549062,0.025489837106394138,1.0195934842557655,-0.002689869409081294,-0.2991740431332371,0.0649765641717089,0.05654369496560741,0.2076253356913288,0.13621453452978066,0.00316138023447905,0.014172441966982889,0.17696650754559393,0.2076253356913288,0.16294383146653685,0.27910800684520937,1.0967853901397988,0.0,0.0,0.10240018359747914,0.11240274821732052,0.10329784266181177,0.0,0.10037390628239978,-0.004557457553994301,2.6867040244523688,4.382068262862965,4.0,0.00013265718146166644,-6.930056366070275e-06,182,0.0006333134377369744,0.0003313984126422937,0.0006597484661926664,0.06030095394212345,50.234438533025305,1.2348752737563877,0.6394644723146992,17.51957458396436,2.509840293864702,76.28693902324322,49.48969616702713,0.0,0.7350070058717746,20.13717824306232,3.2947149163409657,100.14331052708103,77.6974287883419,0.006707420614705383,0.7852256255452968,21.51303083685745,3.2973184646071854,100.22244573274119,99.9188649718467,0.1597894379351333,,
ripple_mu060_03,ripple_mu060,,common,3,1934.0720000000001,1.3,1.0,0.1,0.02,1.0,False,"{""mu"": 0.6, ""soft"": false, ""type"": ""patch""}",0.6,False,0.0,,-5.45,-1.4,0.02,-5.447479072669764,-1.3891735908206406,-2.615854612053713,36828,39282,4093,82,ripple,0.025,2047,True,False,,39.23999999999978,80.0,39.23999999999978,1.0004409657145605,0.025495437454499646,1.0198174981799857,0.0012196635349826651,0.07551529306671757,0.05834445192888619,0.05171266850812313,0.2145329995843576,0.13621571090962029,0.0006007095497597104,0.02231598129717556,0.18154804213703063,0.2145329995843576,0.10767558981755533,0.19009028525836486,0.6600993229421204,0.0,0.0,0.10240071637412236,0.1121931952669571,0.10329808178507142,0.0,0.10042178235269916,-0.0036598803685816035,2.7422312786551197,4.362200713194091,4.0,0.00012998907463663417,-5.405121895681042e-06,184,0.0006471181461879084,0.0003427144495733079,0.000649667560783238,0.06303161707784645,33.098844580222455,0.8134675169492406,0.6356188535711813,17.414215166333733,1.6056220749713743,48.80310258271654,29.49531931824048,0.0,0.7300647414891387,20.001773739428458,3.2914280829917355,100.0434067778643,56.338620507051075,0.00033961623365596876,0.7844237000063511,21.491060274146605,3.283023151947889,99.78793774917595,61.84225504987406,8.490405841399219e-05,,
ripple_mu030_03,ripple_mu030,,common,3,1984.6170000000002,1.3,1.0,0.1,0.02,1.0,False,"{""mu"": 0.3, ""soft"": false, ""type"": ""patch""}",0.3,False,0.0,,-5.45,-1.4,0.02,-5.462607892622805,-1.4017311951323723,1.01214455130104,36738,38574,4082,82,ripple,0.025,2042,True,False,,39.11999999999989,80.0,39.11999999999989,1.0004398049612873,0.025573614646249746,1.0229445858499897,0.00013781998025225173,-0.04390451750485944,0.06335299465326931,0.05517485076746857,0.21661615443541912,0.13621603886642147,-0.0024192684329607207,0.01638227826714995,0.18341053539994817,0.21661615443541912,0.167863535627263,0.14655766309010276,0.4755629420594662,0.0,0.0,0.10239594956643851,0.11217264591835018,0.10326686131681677,0.0,0.10042178235247277,-0.004097481155897378,2.6622381195707714,4.378129790495657,4.0,0.00012868504478271564,-2.144782125249045e-06,181,0.0006592879663981087,0.0003325478155136735,0.0006063227513805904,0.060164693306221165,20.204651004343113,0.4965689473275015,0.6388888677249859,17.503804595205093,1.3106912101745085,39.83863860712791,15.093132107154428,0.0,0.7328295457637625,20.077521801746915,2.390953915278401,72.67337128505778,39.92488578831444,0.0,0.7825589605995272,21.439971523274718,1.5378252483711685,46.74240876508111,26.143614016897583,0.0,,
ripple_mu015_03,ripple_mu015,,common,3,14.731000000000002,1.3,1.0,0.1,0.02,1.0,False,"{""mu"": 0.15, ""soft"": false, ""type"": ""patch""}",0.15,False,0.0,,-5.45,-1.4,0.02,-5.468039464417476,-1.404416188628047,-0.8037656564271705,36648,38965,4073,82,ripple,0.025,2037,True,False,,39.02,80.0,39.02,1.0000000158275006,0.02562788354247823,1.0251153416991292,0.0023263852235802258,0.12619185335008054,0.07253520025230431,0.06227289586879831,0.21556761489540277,0.1362217264209805,0.0077580648028248295,0.025006563398461055,0.18316438330741627,0.21556761489540277,0.08207220098222996,0.06595897174164105,0.26025786607116236,0.0,0.0,0.10249583327923442,0.11269523835169488,0.10338299158277837,0.0,0.10049189198359551,-0.00408291894270191,2.6936475409836067,4.389856557377049,4.0,0.00012961949699687864,-4.0778314411259176e-06,182,0.0006694937639479055,0.0003540941931828447,0.0006046806327915621,0.0644449677492331,13.747747557067168,0.3380255578260735,0.6360220615688492,17.42526196079039,0.6600216959111685,20.061449723743724,7.512774170699567,0.0,0.7318656734943806,20.0511143423118,1.9607215155459474,59.59639864881299,35.38087663763083,0.0,0.7861686956722961,21.538868374583455,0.8832731787716267,26.847209081204458,14.278726662627193,0.0,116.3174046654401,0.9822756484180487
wave_mu100_03,wave_mu100,,capped,3,65.531,2.4,1.0,0.1,0.02,1.0,False,"{""mu"": 1.0, ""soft"": false, ""type"": ""patch""}",1.0,False,0.0,,-5.45,-1.4,0.02,-5.449060768477781,-1.4197285813407405,-2.112222718258689,38214,40136,4247,85,wave,0.0245,2124,True,False,,39.66,81.63265306122449,39.66,1.000170536605775,0.0252186216995909,1.0293314979424857,0.007884556680804268,0.7978510955446021,0.04186336807486407,0.051435914825691154,0.24824343010953448,0.13627051018060798,-0.0062382285567161196,0.01475422532089585,0.24824343010953448,0.24824343010953448,0.26019260376801,0.26208358782501595,1.193550211885214,0.0,0.0,0.099731113068219,0.13750433936321443,0.10149703467928575,0.0,0.09843123275894138,-0.006154228336700369,2.9309475806451615,5.204133064516129,5.0,5.1870450223735765e-05,-4.829618290937143e-06,241,0.0006307851992828636,0.00034015465845825717,0.002004803539547721,0.08196074825905174,34.554269348347404,0.8494412257022153,1.3886079057715643,38.04405221291957,2.317283724836395,70.43415577010319,13.497081618297152,0.0,0.8695021767492468,23.821977445184842,3.290631879769815,100.01920607203085,99.99818582952149,0.12869623655913978,1.408510040482591,38.58931617760523,3.297778861794596,100.2364395682248,96.91369464179616,0.0456989247311828,116.31739801685394,0.9829188491076155
wave_mu060_03,wave_mu060,,capped,3,118.43,2.4,1.0,0.1,0.02,1.0,False,"{""mu"": 0.6, ""soft"": false, ""type"": ""patch""}",0.6,False,0.0,,-5.45,-1.4,0.02,-5.461604538970064,-1.402379819250052,-1.186179802140802,38124,40660,4237,85,wave,0.0245,2119,True,False,,39.579999999999984,81.63265306122449,39.579999999999984,1.0002501907664507,0.025271606638869407,1.031494148525282,0.004706786886254432,0.34934448532083606,0.04486071517338542,0.05019344102132706,0.22172026256195806,0.13629598263104042,-0.007308144226163329,0.01691471390477298,0.22172026256195806,0.22172026256195806,0.1740120552890749,0.19505346725960218,0.8098003268225658,0.0,0.0,0.09973037962658629,0.13722964377326818,0.1015043681292965,0.0,0.09842176415530439,-0.004849615514160667,2.838888888888889,5.202525252525253,5.0,8.460697698833147e-05,-3.746334907343829e-06,216,0.0007178007741236224,0.0003972203608355107,0.0017260465081395475,0.08577718737597151,23.67621645452307,0.5819933497392639,1.3721876404314217,37.594181929627986,0.9624860953367593,29.254896514795117,10.379915277140569,0.0,0.8661665832933511,23.73059132310551,3.2900158033649136,100.0004803454381,87.0885470958795,0.0006734006734006734,1.4102661990039542,38.63743010969738,3.2948724169869323,100.14809778075782,70.80510089561287,0.0003367003367003367,116.31735387427487,0.984521429736958
wave_mu030_03,wave_mu030,,capped,3,171.223,2.4,1.0,0.1,0.02,1.0,False,"{""mu"": 0.3, ""soft"": false, ""type"": ""patch""}",0.3,False,0.0,,-5.45,-1.4,0.02,-5.445466892940384,-1.4085826957784282,2.4577980605065193,38142,40841,4237,85,wave,0.0245,2119,True,False,,39.54000000000002,81.63265306122449,39.54000000000002,1.0001567174704151,0.025294808231421714,1.032441152302927,0.002552260402833205,0.11384376736555168,0.046239868680818474,0.05566895972028512,0.23083367927941403,0.13629570177056785,-0.007214482879968785,0.020696964111871566,0.23083367927941403,0.23083367927941403,0.11454963924722988,0.110690912893533,0.46997143040902195,0.0,0.0,0.09972903649757449,0.13693660195951723,0.10148999461434159,0.0,0.09843123275858337,-0.004042513043472325,2.8311425682507583,5.199696663296259,5.0,8.03191709939019e-05,-2.663734970244358e-06,219,0.0007822981956529519,0.0004335730354365121,0.002094466831331273,0.09493730726252465,14.212549313028612,0.3493990225808867,1.376375780496503,37.70892549305488,0.5530368015747524,16.809629227196123,5.173225490985751,0.0,0.8718187964200679,23.885446477262136,2.52877937339019,76.86259493587204,63.39244758347633,0.0,1.4113786242327615,38.66790751322634,1.6474319684155252,50.07392001262995,36.07461117528737,0.0,116.31747352111189,0.9820851090097041
wave_mu015_03,wave_mu015,,capped,3,223.75500000000002,2.4,1.0,0.1,0.02,1.0,False,"{""mu"": 0.15, ""soft"": false, ""type"": ""patch""}",0.15,False,0.0,,-5.45,-1.4,0.02,-5.431525201672077,-1.4176226053825638,-1.7456416850701253,38052,42064,4229,85,wave,0.0245,2115,True,False,,39.47999999999999,81.63265306122449,39.47999999999999,1.0001386216554653,0.02533279183524482,1.0339915034793805,0.003589159258300414,0.15685830230399744,0.051002770307944714,0.05918715233807437,0.24351189723605327,0.136295686762477,-0.010147202081815495,0.02354997836283961,0.24351189723605327,0.24351189723605327,0.07731810569932893,0.07838008549061681,0.28484490693294484,0.0,0.0,0.09973112821363692,0.13698645931785874,0.10149720414044729,0.0,0.09841271599159382,-0.0028607020962178,2.8820253164556964,5.200506329113924,5.0,8.197588375646186e-05,-2.505972675103524e-06,214,0.0009671764841079359,0.0006144581399887925,0.0027219060736952887,0.13147496996521152,9.545814917154152,0.23467627501197635,1.3889785693465837,38.05420737935846,0.8778244416797312,26.681593972028303,2.677208205459461,0.0,0.8662170902744323,23.731975076011846,3.1793582714002206,96.63702952584258,50.96425846229139,0.0,1.4091193528950983,38.60600966835885,1.1627299697644902,35.34133646700578,19.493287597270392,0.0,116.3174010213485,0.9818388468165293
tripod_mu100_04,tripod_mu100,,common,4,275.99100000000004,0.95,1.0,0.1,0.02,1.0,False,"{""mu"": 1.0, ""soft"": false, ""type"": ""patch""}",1.0,False,0.0,,-5.45,-1.4,0.02,-5.447479072669764,-1.3891735908206406,-2.615854612053713,41436,47830,4605,93,tripod,0.025,2303,True,False,,44.620000000000005,80.0,44.620000000000005,1.0001883437437082,0.022415695736075932,0.8966278294430372,0.003056476565176769,0.20505639753385682,0.0010768870717196757,0.0006007008486510176,0.006109730546418125,0.13519325114218206,-1.3514905245641085e-05,6.767979881958165e-05,0.0019987949729270795,0.006109730546418125,0.012794641291609439,0.03885539323011935,0.3935043404732697,0.0,0.0,0.09937072625327417,0.12904876956575767,0.1001295560996434,0.0,0.09760504509925635,0.09854693607621644,3.1545698924731185,3.827956989247312,3.0,0.00026831832141076956,-1.1877347463915694e-05,285,0.0003481373460360314,0.0005738871902870086,0.0009689160748450019,0.16352628638915406,61.484323882278176,1.5114707819472297,0.3778109015183954,10.35098360324371,1.7504796358005446,53.206067957463354,53.08607788880525,0.0,0.6693561249879627,18.338523972272952,2.856533320927504,86.82472100083598,78.9220209098723,0.0,0.5815720419827635,15.933480602267492,2.727102417960377,82.89065100183517,80.15364045183368,0.0,116.31774000139421,0.9785267494225872
tripod_mu060_04,tripod_mu060,,common,4,332.57800000000003,0.95,1.0,0.1,0.02,1.0,False,"{""mu"": 0.6, ""soft"": false, ""type"": ""patch""}",0.6,False,0.0,,-5.45,-1.4,0.02,-5.462607892622805,-1.4017311951323723,1.01214455130104,41382,50169,4598,92,tripod,0.025,2300,True,False,,44.579999999999984,80.0,44.579999999999984,1.0002470815547455,0.022437126100375637,0.8974850440150254,0.001344217696731445,-0.023750300469157087,0.0010862927175011737,0.0006179541094878703,0.006096180875574685,0.1351948343347171,3.414389304871079e-05,5.7121753938639205e-05,0.0021315992350771974,0.006096180875574685,0.011732538430832563,0.038811986983082705,0.3367016313262885,0.0,0.0,0.09937282493969044,0.1283820614136971,0.10009733020233949,0.0,0.09760504509912733,0.09847927449435029,3.1502242152466366,3.8076233183856503,3.0,0.0002691197108200191,-1.2397722683289009e-05,285,0.0003630461744577456,0.0005841449306100879,0.0009674480772111292,0.1664400306275373,41.38017257771108,1.017193986287734,0.3795214459507494,10.397847834267107,1.0329643349483135,31.397092247669104,31.328712031067973,0.0,0.6706168597982678,18.373064652007336,2.163818244496913,65.76955150446544,57.60527291923761,0.0,0.5782496202515325,15.842455349357055,1.6800919852035432,51.0666256900773,50.16064045725437,0.0,116.31773384690231,0.9773184656094532
tripod_mu030_04,tripod_mu030,,common,4,389.023,0.95,1.0,0.1,0.02,1.0,False,"{""mu"": 0.3, ""soft"": false, ""type"": ""patch""}",0.3,False,0.0,,-5.45,-1.4,0.02,-5.433866882920448,-1.3853210814583379,1.762532492509546,41346,48925,4593,92,tripod,0.025,2297,True,False,,44.51999999999998,80.0,44.51999999999998,1.0000061493563928,0.02246195304035025,0.89847812161401,0.0005645695087144464,-0.05077756916180691,0.0011148761353808449,0.0006367959828359027,0.007196007394136769,0.13519440038101518,5.814002604743124e-05,4.9897346210164175e-05,0.0024363461387243196,0.007196007394136769,0.040271554308536246,0.030460537877527557,0.35729277996699366,0.0,0.0,0.09937414598592917,0.1290123880175909,0.10012734851513004,0.0,0.09760504509899806,0.09854888285312592,3.15446789402784,3.8271216883700045,3.0,0.0002682666278409421,-1.2099835331715048e-05,282,0.00037064308790544354,0.0005863041508055442,0.0009622659674748968,0.16533672746325637,29.386833793617612,0.7225522009824009,0.37957447170484493,10.399300594653285,0.5198204865854276,15.800014789830625,15.755439266616046,0.0,0.6715867099657103,18.399635889471515,1.713151922740797,52.071487013398084,41.185186004058714,0.0,0.5767166827370869,15.800457061290052,0.936232771083078,28.456923133224254,27.285105594490368,0.0,116.31745029377426,0.9788436058074426
tripod_mu015_04,tripod_mu015,,common,4,445.569,0.95,1.0,0.1,0.02,1.0,False,"{""mu"": 0.15, ""soft"": false, ""type"": ""patch""}",0.15,False,0.0,,-5.45,-1.4,0.02,-5.4678907142649384,-1.3809345402683124,0.6877676949069409,41238,47175,4583,92,tripod,0.025,2293,True,False,,44.44,80.0,44.44,1.0003268512733674,0.022509605114162185,0.9003842045664874,0.0017906266671014037,0.012022783095842917,0.0014762400284028753,0.0006025354238763239,0.008004860457118007,0.13518633842944813,4.358315191734922e-06,6.400522168019636e-05,0.0018703692874152795,0.008004860457118007,0.026282596188751717,0.03383357141238162,0.07724222564767222,0.0,0.0,0.09937236822873079,0.12889864936193324,0.10012934596841687,0.0,0.09760504509900643,0.0985494098693034,3.1529464687359425,3.8236617183985606,3.0,0.0002675759752830617,-1.2618711879332223e-05,282,0.0003700104610540397,0.0005803232642163379,0.0009584311194558914,0.16359742629300894,23.72286402010998,0.583100842081992,0.3796075630569943,10.400207207040939,0.2577216772363486,7.833485630284152,7.783930986008423,0.0,0.6693275320453417,18.337740603981963,1.5191920006489772,46.1760486519446,35.764503877020516,0.0,0.5817959628789892,15.93961542134217,0.6025757009875736,18.31537085068613,16.028688463804475,0.0,116.3177797234828,0.9777704395110696
ripple_mu100_04,ripple_mu100,,common,4,502.035,1.3,1.0,0.1,0.02,1.0,False,"{""mu"": 1.0, ""soft"": false, ""type"": ""patch""}",1.0,False,0.0,,-5.45,-1.4,0.02,-5.466555367391942,-1.4098028489844092,0.7245245073977453,36828,39211,4091,82,ripple,0.025,2046,True,False,,39.19999999999999,80.0,39.19999999999999,1.0000330577890262,0.025511047392577205,1.020441895703088,0.0006724567313694928,0.018399830911963903,0.06464149105878936,0.05658957003949207,0.22131817210155263,0.13621687790468381,0.005731377252755017,0.014796226893428181,0.18620944360019306,0.22131817210155263,0.2216177447715478,0.32991425908951466,0.9456905229949979,0.0,0.0,0.10235152997349013,0.11218680888726854,0.10313584827258213,0.0,0.10061545978090455,-0.004577559469214128,2.734829168791433,4.382457929627741,4.0,0.00013273588400870145,-9.85739105723027e-06,182,0.000642559698350967,0.00030397564680501466,0.0006081043689432977,0.05532172639677922,49.910998006328974,1.2271593780795846,0.6371734334195404,17.4568063950559,3.2938248466091493,100.11625673584041,50.48370487468593,0.00016998130205677376,0.73277726739702,20.076089517726576,3.2924991293017722,100.07596137695356,77.33915668780239,0.0022947475777664456,0.7856772196293762,21.525403277517157,3.297393125460804,100.2247150595989,100.20451144558926,0.1508584055753867,116.31739801675998,0.9817029492426995
ripple_mu060_04,ripple_mu060,,common,4,553.1220000000001,1.3,1.0,0.1,0.02,1.0,False,"{""mu"": 0.6, ""soft"": false, ""type"": ""patch""}",0.6,False,0.0,,-5.45,-1.4,0.02,-5.454574395324655,-1.4021358609803782,1.827510393592498,36872,39480,4096,82,ripple,0.025,2049,True,False,,39.239999999999895,80.0,39.239999999999895,1.0000964025764927,0.02548665653864667,1.0194662615458667,0.0011570337283882196,0.008334793589825645,0.05956115492911507,0.05273034471532296,0.2215603496492603,0.13621354160252155,0.0038627657335953097,0.02065440738150765,0.18528705148915647,0.2215603496492603,0.23480499536876492,0.4405211665563893,1.0045724722347888,0.0,0.0,0.10235636280931427,0.11236003681134915,0.10323642709840773,0.0,0.10061545978067843,-0.004484147045034545,2.75904228222109,4.375445746306673,4.0,0.00012558667363090498,-9.2932244104664e-06,183,0.0006473595737096274,0.00034495944088906754,0.000644638716125857,0.06312145036514259,32.46880729671271,0.798258131732751,0.6366032407897121,17.441184679170195,1.571845053387802,47.7764453917265,29.97260553216161,0.0,0.7319705093439337,20.05398655736805,3.2914234959623507,100.04326735447874,56.22896129021177,0.00025471217524197657,0.7894749298313192,21.629450132364912,3.282473784456009,99.77123964911883,59.87858924346845,8.490405841399219e-05,116.31744671593509,0.9832587607845121
ripple_mu030_04,ripple_mu030,,common,4,603.753,1.3,1.0,0.1,0.02,1.0,False,"{""mu"": 0.3, ""soft"": false, ""type"": ""patch""}",0.3,False,0.0,,-5.45,-1.4,0.02,-5.437038760903409,-1.3981285207927876,1.7547066243266685,36756,38196,4085,82,ripple,0.025,2043,True,False,,39.1400000000001,80.0,39.1400000000001,1.000223209810363,0.025555013025303025,1.022200521012121,0.001553114940639904,-0.05815993146739259,0.06234974417426945,0.0546445973544518,0.21985905782628604,0.1362167386842774,0.0006510914675410087,0.017864169558167557,0.18230902134876512,0.21985905782628604,0.18084300212346682,0.14129110016954474,0.49200957102886406,0.0,0.0,0.10235949829192284,0.11235895032080008,0.10324019665373962,0.0,0.10061545978045225,-0.00398461251738283,2.7088866189989784,4.394279877425945,4.0,0.00013048499515037199,-4.383715161475343e-06,182,0.0006420741270571861,0.000337787905865282,0.0006008190432252391,0.06146360547413653,19.94523634729224,0.4902988864428643,0.6374193652130896,17.463544252413417,0.7829074925804976,23.79658032159567,14.984234706687625,0.0,0.7251529808626794,19.867204955141904,2.4153778605939547,73.41574044358525,39.93998490989083,0.0,0.7820099994218281,21.42493149100899,1.8081902709639783,54.96019060680785,26.149593268489006,0.0,116.31754421976102,0.9835616212886297
ripple_mu015_04,ripple_mu015,,common,4,654.859,1.3,1.0,0.1,0.02,1.0,False,"{""mu"": 0.15, ""soft"": false, ""type"": ""patch""}",0.15,False,0.0,,-5.45,-1.4,0.02,-5.453759802836278,-1.3810207265072636,0.6309549925562152,36666,38605,4075,82,ripple,0.025,2038,True,False,,39.04000000000008,80.0,39.04000000000008,1.0000968538532433,0.02561723498599491,1.0246893994397963,0.001807397773146537,0.0017195358528568911,0.07240005210890264,0.06215414981805053,0.2186297554104631,0.1362159181899642,0.007747435718098145,0.024250361936872057,0.18015739380965026,0.2186297554104631,0.11297571910495274,0.08127676336835643,0.3202515302751177,0.0,0.0,0.10235405276565455,0.11217720013994541,0.10314584351554726,0.0,0.10061545978022615,-0.00418990174777588,2.6912442396313363,4.393241167434716,4.0,0.0001306328995493919,-3.490439451955818e-06,185,0.0006375287823331859,0.00034880665195328867,0.0006152953004026293,0.06452287594448246,13.781855910942024,0.3388317557649625,0.6373898264221058,17.462734970468656,0.5300782551738287,16.111801069113334,7.5647631115741865,0.0,0.7278718620204356,19.94169484987495,1.9514676800223276,59.315127052350384,35.37692796482039,0.0,0.7889025212084101,21.613767704340002,0.8807624535041442,26.770895243287054,14.278702380349733,0.0,116.3174669799465,0.9831935231473353
wave_mu100_04,wave_mu100,,capped,4,705.8330000000001,2.4,1.0,0.1,0.02,1.0,False,"{""mu"": 1.0, ""soft"": false, ""type"": ""patch""}",1.0,False,0.0,,-5.45,-1.4,0.02,-5.431292080692527,-1.418240492317744,2.2961559170562023,38218,41858,4248,85,wave,0.0245,2124,True,False,,39.67999999999995,81.63265306122449,39.67999999999995,1.0002836139405769,0.025208760431970213,1.028928997223274,0.007578417991756348,0.6854785984051126,0.04255722520319735,0.050661378630241984,0.260462036343683,0.1362682475845098,-0.005431834060817616,0.014261507584015846,0.260462036343683,0.260462036343683,0.13489481792818944,0.17496202602342295,0.7208880518989093,0.0,0.0,0.09968148301241192,0.13710347076003282,0.1015305434216363,0.0,0.09834155017623875,-0.006255142528444306,2.9360201511335013,5.198488664987406,5.0,4.3677506026428004e-05,-3.470437308705082e-06,241,0.0006351296971686435,0.00035330617979425556,0.0018724864422699707,0.08512020445228795,35.146244515982254,0.8638980211406145,1.3873152785573393,38.00863776869423,3.1135887034522747,94.63795451222718,13.422312481036368,0.0,0.8798509398413914,24.10550520113401,3.2917567643768275,100.05339709352059,99.99956889749868,0.12678421494542402,1.4139571563979418,38.7385522300806,3.29810657637879,100.24640049783555,94.23355150184813,0.032577665827036105,116.31739801684215,0.9815932692836885
wave_mu060_04,wave_mu060,,capped,4,758.485,2.4,1.0,0.1,0.02,1.0,False,"{""mu"": 0.6, ""soft"": false, ""type"": ""patch""}",0.6,False,0.0,,-5.45,-1.4,0.02,-5.447624912498205,-1.391454438761648,-1.8444301477258798,38142,41528,4238,85,wave,0.0245,2120,True,False,,39.56000000000006,81.63265306122449,39.56000000000006,1.0001179320183426,0.025281039737571818,1.031879172962115,0.003911155061568881,0.2530070760301752,0.04558245844044702,0.04983100102568701,0.23945703976603405,0.13629538429060165,-0.007064301216403196,0.015386358260272799,0.20980816469830607,0.23945703976603405,0.1534175020341771,0.22434064238575274,0.8689836613134089,0.0,0.0,0.09968172865418334,0.1369793207683521,0.10153399499581982,0.0,0.09834155017633354,-0.006273267782269452,2.8534613441131884,5.1955533097524,5.0,6.300901555657962e-05,-4.164554123078229e-06,219,0.000686241824643033,0.00038980242980304447,0.001928840133915035,0.08535601314825543,23.616162196884364,0.5805958927419832,1.374574867534823,37.65958541191296,1.8898592173277635,57.44252940205968,10.471426136637572,0.0,0.8744534123512174,23.957627735649794,3.2901902277343145,100.00578199800349,85.86600810643372,0.0005053057099545225,1.4122880024057471,38.6928219837191,2.841207314738086,86.3588849464464,69.46017395365875,0.0,116.31749901193827,0.9824800145007861
wave_mu030_04,wave_mu030,,capped,4,811.408,2.4,1.0,0.1,0.02,1.0,False,"{""mu"": 0.3, ""soft"": false, ""type"": ""patch""}",0.3,False,0.0,,-5.45,-1.4,0.02,-5.44805234496036,-1.408428883035123,-2.3671171387997587,38075,41408,4232,85,wave,0.0245,2116,True,False,,39.51999999999998,81.63265306122449,39.51999999999998,1.000268201140001,0.02531043019078951,1.033078783297531,0.0025264941877056607,0.07382881743594824,0.04780169961038262,0.055429373414617886,0.23816207967966607,0.13629429087967132,-0.008435221868826719,0.019057369971445515,0.2093809838353485,0.23816207967966607,0.0979277033254008,0.10883492303764083,0.49266260164837206,0.0,0.0,0.09967907620150294,0.1371241816601762,0.10153246402610967,0.0,0.09834155017642626,-0.004837134154042234,2.835103692463328,5.199291856348002,5.0,6.202050179569124e-05,-2.5361811841935478e-06,219,0.0008193347348401116,0.0004562194826368815,0.0021788272369614057,0.09988495873218188,14.265998882953097,0.35067395309282784,1.3759974094056224,37.698559161797874,0.7250745820436771,22.038741095552496,5.40887989552289,0.0,0.8776849059041757,24.046161805593854,3.289990060725569,99.99969789439419,63.34792456040437,0.0003372112628561794,1.4206526650892748,38.9219908243637,1.8658863210212235,56.71386993985482,35.06917696500762,0.0,116.31790246294403,0.982954404758299
wave_mu015_04,wave_mu015,,capped,4,864.11,2.4,1.0,0.1,0.02,1.0,False,"{""mu"": 0.15, ""soft"": false, ""type"": ""patch""}",0.15,False,0.0,,-5.45,-1.4,0.02,-5.469872529175276,-1.3837263992054158,1.0254258902149642,38052,41391,4229,85,wave,0.0245,2115,True,False,,39.48000000000002,81.63265306122449,39.48000000000002,1.0000335994715637,0.025330131698874447,1.0338829264846712,0.0029428776475204014,0.06474137292873798,0.05112310316299852,0.058009156354211215,0.23890363970652986,0.13629517399187022,-0.010280114709861154,0.02080761512949402,0.21212805988782246,0.23890363970652986,0.09206723422723827,0.07890998378862742,0.28528741507474104,0.0,0.0,0.0996793030770542,0.13651486557333847,0.10157724554569193,0.0,0.09834155017651829,-0.0030702436839525086,2.890632911392405,5.191898734177215,5.0,6.27686006796288e-05,-2.8328109911886223e-06,217,0.0009737353562736797,0.0006136853475957498,0.002881761853068169,0.13316466954814127,9.444387064376292,0.2322076251459223,1.369742139839985,37.52718191342424,0.4715285038547867,14.332173369446403,2.699358627393953,0.0,0.8733485519517101,23.927357587718088,2.6663661718971245,81.04456449535333,50.577710444205906,0.0,1.407208616221102,38.553660718386354,1.0352205664953718,31.465670714145038,19.178437978623183,0.0,116.31770381512808,0.9802449617507148
tripod_mu100_05,tripod_mu100,,common,5,916.4340000000001,0.95,1.0,0.1,0.02,1.0,False,"{""mu"": 1.0, ""soft"": false, ""type"": ""patch""}",1.0,False,0.0,,-5.45,-1.4,0.02,-5.46179913073334,-1.4096872528974902,-0.20643413086950924,41400,47845,4601,93,tripod,0.025,2301,True,False,,44.60000000000002,80.0,44.60000000000002,1.0003937588776395,0.022430353338063654,0.8972141335225461,0.001693485214771774,0.05395852146332494,0.0012332188200525492,0.0006047237877946848,0.00587743064196938,0.13516344792681273,0.00012177876233759265,7.166161058213005e-05,0.001995044190929754,0.00587743064196938,0.013882133259347907,0.013949081313151332,0.12063867157101897,0.0,0.0,0.09934053069085516,0.13030646288567077,0.10024854674288991,0.0,0.09758861219021442,0.09853519877287832,3.158673240699238,3.8677722994173016,3.0,0.00027643442180767114,-1.5978175015755186e-05,285,0.0003578307741387257,0.0005825228960442361,0.0009636734668376185,0.16595344185714841,60.9024301774281,1.4968634983676745,0.37946176262600306,10.396212674685016,1.718199107959851,52.22489689847571,52.13121276068407,0.0,0.6707600655701028,18.37698809781104,3.1504077627272444,95.75707485493143,79.38910617572522,0.0,0.5788460549034073,15.858796024750886,3.2890082253353303,99.96985487341429,80.65354486535571,7.470491558344539e-05,116.31773391766392,0.9783782061073194
tripod_mu060_05,tripod_mu060,,common,5,972.7800000000001,0.95,1.0,0.1,0.02,1.0,False,"{""mu"": 0.6, ""soft"": false, ""type"": ""patch""}",0.6,False,0.0,,-5.45,-1.4,0.02,-5.437268509869221,-1.4152949758848608,2.8067089809823793,41400,47008,4600,93,tripod,0.025,2301,True,False,,44.58000000000004,80.0,44.58000000000004,1.0000316048525553,0.022432292616701533,0.8972917046680613,0.0004835490820560215,-0.11983519231592674,0.0013062493563953499,0.0005814282675831963,0.006301701398171548,0.13516405356274375,0.00012055937996987095,5.8132681893085574e-05,0.001721514019335715,0.006301701398171548,0.009594665328716754,0.008631551508130908,0.04213206815384148,0.0,0.0,0.09934192540848455,0.1301965382357403,0.10025119267216663,0.0,0.09758861218956327,0.09853435745550967,3.160089686098655,3.8641255605381164,3.0,0.00027521750307079457,-1.6892026808757593e-05,285,0.00035321449380125555,0.0005831439205741342,0.0009610786441448102,0.1661907455008995,41.637089571032504,1.023730776755368,0.3790798353572052,10.385748913896032,1.0479572043278287,31.852802563155887,31.769509434640813,0.0,0.6721202425007413,18.414253219198393,2.1723983228937445,66.0303441609041,57.350267832091916,0.0,0.5787379345036099,15.855833822016711,1.6834621765471978,51.1690631169361,50.06156751720849,0.0,116.31735395756795,0.9801236110565291
tripod_mu030_05,tripod_mu030,,common,5,1029.238,0.95,1.0,0.1,0.02,1.0,False,"{""mu"": 0.3, ""soft"": false, ""type"": ""patch""}",0.3,False,0.0,,-5.45,-1.4,0.02,-5.4322435693429165,-1.4102135961722946,0.8446911570115847,41346,46234,4594,92,tripod,0.025,2298,True,False,,44.539999999999964,80.0,44.539999999999964,1.0004396298334974,0.02246159923290297,0.8984639693161187,0.001453078119558887,-0.04195808642391297,0.0013958828686193765,0.0005917521496303755,0.0069561680148428635,0.13515770757874013,0.00012013612323953705,6.095910454106163e-05,0.0018295081698131606,0.0069561680148428635,0.03366716517166407,0.01575253148003425,0.23969357822730517,0.0,0.0,0.09933875799253201,0.12995824006311882,0.1002499377866076,0.0,0.09758861218890748,0.0985336996672666,3.1602333931777378,3.858617594254937,3.0,0.0002739028768151894,-1.5954129981635146e-05,285,0.00038199597123600497,0.000579696023722664,0.0009604350499306225,0.16514059176490506,29.568933575397242,0.726713935226779,0.3804745896569202,10.423961360463569,2.6832488974369757,81.55771724732449,15.636852784062471,0.0,0.6707318322325898,18.37621458171479,3.2825228750621576,99.77273176480722,41.20108341406297,7.480550568521843e-05,0.582280496199118,15.952890306825152,0.9603268592923535,29.189266239889164,27.27279646720167,0.0,116.31750939015072,0.9795681378249084
tripod_mu015_05,tripod_mu015,,common,5,1085.277,0.95,1.0,0.1,0.02,1.0,False,"{""mu"": 0.15, ""soft"": false, ""type"": ""patch""}",0.15,False,0.0,,-5.45,-1.4,0.02,-5.455596098689357,-1.3921070662197765,-2.4785033991134795,41274,46874,4585,92,tripod,0.025,2293,True,False,,44.440000000000055,80.0,44.440000000000055,1.0003111922778818,0.022509252751527466,0.9003701100610986,0.0025793221374745684,0.02833519238382123,0.0015999946589164511,0.0005853482285186454,0.007943794473811472,0.13516291287785154,5.925933374145159e-05,6.193862922247191e-05,0.0017163515109302446,0.007943794473811472,0.03248350798774619,0.026833429215505026,0.09732227992173338,0.0,0.0,0.09934064306284245,0.12972715668320126,0.10025086165823549,0.0,0.09758861218827583,0.0985347080122613,3.1578947368421053,3.851551956815115,3.0,0.0002742217444412845,-1.6389275110731405e-05,282,0.00037111016153984526,0.0005744474759837459,0.0009570571906821115,0.16194325420937675,23.887923516358697,0.5871661349091245,0.379163400114138,10.388038359291453,0.2623419010874276,7.97391796618321,7.953311438322756,0.0,0.6736602399516174,18.4564449301813,1.4364090106268574,43.659848347320896,35.79946229263705,0.0,0.5800455143428774,15.891657927202122,0.5715257519791541,17.371603403621705,16.00373824272554,0.0,116.3172400420816,0.9798390536362693
ripple_mu100_05,ripple_mu100,,common,5,1141.731,1.3,1.0,0.1,0.02,1.0,False,"{""mu"": 1.0, ""soft"": false, ""type"": ""patch""}",1.0,False,0.0,,-5.45,-1.4,0.02,-5.451201364791743,-1.3964603678523961,0.7588544155480965,36756,37245,4085,82,ripple,0.025,2043,True,False,,39.16000000000008,80.0,39.16000000000008,1.00042871331283,0.025547209226578854,1.0218883690631542,0.0014332482522049304,0.021910749095940003,0.07002759983968171,0.059867819507981875,0.21801106486676744,0.13621380593380025,-0.0056108911682545065,0.007489953004021668,0.18929292779136972,0.21801106486676744,0.13710932949271287,0.3403090402618279,1.2355348879540577,0.0,0.0,0.10239303845967225,0.11240431417561617,0.10334069198594116,0.0,0.10042892057219864,-0.004650613144093297,2.6830015313935682,4.392036753445636,4.0,0.00013370832640337976,-8.343136778169585e-06,182,0.0006440003374909046,0.00030193604941780344,0.0006011133035903266,0.05492875591198863,49.809692597115614,1.2241832679514393,0.6385366888601807,17.494155859183035,2.469691879654143,75.06662248188884,50.38454299322601,0.0,0.7350251307287387,20.13767481448599,3.294329097140255,100.1315834997038,54.879697157428346,0.004934490386251489,0.790738726170133,21.664074689592685,3.2973848551945495,100.22446368372492,100.20604212724301,0.15730815041687937,116.31739801676065,0.9841104129401496
ripple_mu060_05,ripple_mu060,,common,5,1192.718,1.3,1.0,0.1,0.02,1.0,False,"{""mu"": 0.6, ""soft"": false, ""type"": ""patch""}",0.6,False,0.0,,-5.45,-1.4,0.02,-5.442288181033137,-1.3843447450799597,-1.5524987405554442,36828,37997,4092,82,ripple,0.025,2047,True,False,,39.24000000000001,80.0,39.24000000000001,1.0005439440025148,0.02549806177376439,1.0199224709505754,0.0013493763465227127,0.04056945767454541,0.05830517807450984,0.05175204819218734,0.21921968812396928,0.1362154909760354,0.0007502474323547117,0.022022290672253222,0.18751843081721775,0.21921968812396928,0.107639963869738,0.1710159432213044,0.6740006020085284,0.0,0.0,0.10240310777411835,0.11231264398406136,0.10315261454862484,0.0,0.10040498526936922,-0.0037877813341073248,2.7350993377483444,4.367804381049414,4.0,0.00013493834323782122,-5.533565477045671e-06,183,0.0006198240214617718,0.00036497106450902097,0.0006459485900557303,0.06675333398975909,32.949117685915425,0.8097042118159318,0.6369630554683338,17.45104261557079,2.621417259360114,79.67833615076333,29.85150719532962,0.0,0.7351552069019095,20.141238545257796,3.2918140375572196,100.05513791967232,56.37314677955687,0.00042452029206996094,0.7879734798262299,21.588314515787122,3.283113643721099,99.79068825899996,60.68121203814728,0.00016980811682798438,116.3177399739735,0.9824912991810734
ripple_mu030_05,ripple_mu030,,common,5,1243.863,1.3,1.0,0.1,0.02,1.0,False,"{""mu"": 0.3, ""soft"": false, ""type"": ""patch""}",0.3,False,0.0,,-5.45,-1.4,0.02,-5.463872227306672,-1.4043757225114808,0.4129688861347083,36774,37101,4085,82,ripple,0.025,2043,True,False,,39.13999999999987,80.0,39.13999999999987,1.0003660285403206,0.025558661945332753,1.02234647781331,0.0002836564777053425,0.014102198461256972,0.06265002252091498,0.0547045855547167,0.21768037984897748,0.13621502779750058,-0.0030769808395943498,0.017204463749780654,0.18543736666913102,0.21768037984897748,0.19024769069497607,0.1332802381881595,0.48000524614455314,0.0,0.0,0.10241115057912446,0.1122235720881133,0.10330567490012897,0.0,0.10042892057174235,-0.004429034856917899,2.6772216547497445,4.375893769152196,4.0,0.0001346086891201373,-2.3152069556012234e-06,182,0.0006469722163234125,0.00033605585467087653,0.0006117141123711461,0.06113978418535467,20.167697464300435,0.4956972810361186,0.6399085910460224,17.531742220438968,1.3104006110219502,39.8298058061383,15.178067138743673,0.0,0.730014415403263,20.00039494255515,2.418316239943823,73.50505288583048,39.98709534067025,0.0,0.783726111475527,21.471948259603476,1.7120842158125575,52.039033915275304,26.134877554976775,0.0,116.31736489016596,0.9833080056514597
ripple_mu015_05,ripple_mu015,,common,5,1294.8600000000001,1.3,1.0,0.1,0.02,1.0,False,"{""mu"": 0.15, ""soft"": false, ""type"": ""patch""}",0.15,False,0.0,,-5.45,-1.4,0.02,-5.431578849563178,-1.3915797765753433,1.430655304017775,36648,37988,4072,82,ripple,0.025,2037,True,False,,39.059999999999945,80.0,39.059999999999945,1.0005261185229293,0.025615108001099094,1.0246043200439636,0.0005403410414469532,-0.05635098541227431,0.07189967107522566,0.061819802733743295,0.21668426056626594,0.13621388289324468,0.006722960679900303,0.025209890778237497,0.18327878532797387,0.21668426056626594,0.08581658517002923,0.07112415430439244,0.26813374980545185,0.0,0.0,0.10240603627391619,0.11235904041402016,0.103305951859694,0.0,0.10042892057151596,-0.003980498167060906,2.65353121801433,4.370010235414535,4.0,0.00013469632722922648,-1.988084876815288e-06,182,0.0006364821604589184,0.00032656542309176037,0.000600587484143031,0.05940364497731424,13.857476068229271,0.34054524061447256,0.6368598347198462,17.4482146498588,0.40935994774238627,12.442551603112046,7.50950192785185,0.0,0.727352468115421,19.92746487987455,2.117800153800163,64.37082534347,35.46256700767417,0.0,0.7877038738035825,21.58092804941322,0.8837666468882625,26.86220811210524,14.305854747282472,0.0,116.31775626470885,0.981096214929608
wave_mu100_05,wave_mu100,,capped,5,1345.698,2.4,1.0,0.1,0.02,1.0,False,"{""mu"": 1.0, ""soft"": false, ""type"": ""patch""}",1.0,False,0.0,,-5.45,-1.4,0.02,-5.431091317847575,-1.4092902734896564,-1.4432302468447324,38214,41122,4246,85,wave,0.0245,2124,True,False,,39.680000000000064,81.63265306122449,39.680000000000064,1.00045794919254,0.025213153961505506,1.0291083249594084,0.009153733256103932,0.8885479121934526,0.042823384418765806,0.051637745913081325,0.2530339919424553,0.1362671058470872,-0.006399437642737914,0.01616831521604367,0.2530339919424553,0.2530339919424553,0.17616694100042257,0.2045727641116644,1.318431169161122,0.0,0.0,0.09971776874258975,0.13732945816185796,0.10157751662194822,0.0,0.09835114354749647,-0.00618323356297393,2.954659949622166,5.205037783375315,5.0,4.128271343869366e-05,-3.7985041221981486e-06,233,0.0006633411292964629,0.00036554529439342923,0.0019315206030225444,0.08512950377730567,34.94436926444932,0.8587749357591281,1.375722413625916,37.691025030847015,1.7693861456467403,53.78073391023526,13.39858146002579,0.0,0.8778796885104864,24.05149831535579,3.2916144817713584,100.04907239426622,100.00030321258272,0.13652392947103276,1.411015890862152,38.6579696126617,3.2978206286932643,100.23770907882262,95.18078912755637,0.006801007556675063,116.31744675290302,0.9802166241696351
wave_mu060_05,wave_mu060,,capped,5,1398.4170000000001,2.4,1.0,0.1,0.02,1.0,False,"{""mu"": 0.6, ""soft"": false, ""type"": ""patch""}",0.6,False,0.0,,-5.45,-1.4,0.02,-5.453098366497244,-1.4081831997032106,0.9066203113708147,38160,40450,4239,85,wave,0.0245,2120,True,False,,39.580000000000155,81.63265306122449,39.580000000000155,1.0000725821363559,0.02526711930612309,1.0313109920866568,0.003966929585996027,0.26691149827865784,0.045692716606477314,0.0503870425036332,0.23903202200913753,0.1362963764280951,-0.006839482337399134,0.017535378594997358,0.21484960577214388,0.23903202200913753,0.12096698253882535,0.2524731645959134,0.9129205928589512,0.0,0.0,0.09971641921484216,0.13755674987561287,0.10150039592651666,0.0,0.09835114354765084,-0.006175329277681116,2.8626262626262626,5.207070707070707,5.0,5.3386477661197806e-05,-3.8238715969231285e-06,217,0.0007292340666924693,0.0004226706263307706,0.0022243146174152364,0.09171214768988163,23.9406763222459,0.5886005301962011,1.3797957583685727,37.8026235169472,0.8284514114819104,25.18089396601551,10.29945023071732,0.0,0.8707293258165886,23.855597967577772,3.224710268662095,98.01550968577797,87.05664247712434,8.417508417508418e-05,1.4100247928935177,38.63081624365802,2.907191947478357,88.36449688384064,70.8389948103735,0.0,116.31739787288735,0.981379423835646
wave_mu030_05,wave_mu030,,capped,5,1451.152,2.4,1.0,0.1,0.02,1.0,False,"{""mu"": 0.3, ""soft"": false, ""type"": ""patch""}",0.3,False,0.0,,-5.45,-1.4,0.02,-5.431931443167219,-1.413859540298559,0.10768609332080858,38088,39665,4233,85,wave,0.0245,2117,True,False,,39.539999999999964,81.63265306122449,39.539999999999964,1.0002904339430485,0.025298190033966855,1.0325791850598716,0.002681995518671338,0.1083077302222358,0.04639281831356475,0.0547036200644906,0.23771464317652893,0.13629824705501992,-0.006589086277339416,0.02003192934913012,0.21317554261068647,0.23771464317652893,0.0801218333212907,0.1061068383301984,0.38720589936844235,0.0,0.0,0.09971474812406213,0.1377067454003443,0.10157822044643956,0.0,0.0983511435478053,-0.003919304389737823,2.840748230535895,5.20778564206269,5.0,5.50060008366951e-05,-2.7033152769952162e-06,215,0.0008258153268998189,0.00045084217760307967,0.0022373844001125362,0.09690257597428995,14.309245449283274,0.35172904115571263,1.3768775951182433,37.72267383885598,0.7487334098072659,22.75785440143665,5.189244216475531,0.0,0.871566808724239,23.87854270477367,3.2900376940411173,100.00114571553547,63.12745216960354,0.0003370407819346141,1.4218182968182422,38.953925940225815,1.8718233190561258,56.894325807177076,36.083003087106256,0.0,116.31747342252498,0.9820391968732283
wave_mu015_05,wave_mu015,,capped,5,1503.778,2.4,1.0,0.1,0.02,1.0,False,"{""mu"": 0.15, ""soft"": false, ""type"": ""patch""}",0.15,False,0.0,,-5.45,-1.4,0.02,-5.442896876048071,-1.4002728933367545,2.4824630453641046,38088,39913,4232,85,wave,0.0245,2117,True,False,,39.51999999999998,81.63265306122449,39.51999999999998,1.0001782662158638,0.025308154509510735,1.032985898347377,0.0018565603477409959,0.004372178302739673,0.050839566213500366,0.05873712243095524,0.2579414453276791,0.1362976772694592,-0.009402989343102559,0.023303776944632343,0.2579414453276791,0.2579414453276791,0.07579564912898965,0.06399058310971903,0.33851736021227014,0.0,0.0,0.09971715356285482,0.1377686971879399,0.10157487451822239,0.0,0.09835114354796666,-0.004627198169068767,2.896307536671725,5.208396560445119,5.0,5.8926149609610234e-05,-3.042139438611674e-06,217,0.0009693754607275131,0.0006164466995094922,0.002628674587768693,0.13374486114756742,9.586076590187723,0.23565784649783514,1.3793182762598284,37.78954181533776,0.5309931960408585,16.139610821910594,2.597002025052254,0.0,0.8805731893964737,24.12529286017736,2.3591735871775064,71.7074038655777,50.99069777190391,0.0,1.421913201563603,38.9565260702357,1.065699268913247,32.39207504295584,19.520937042870955,0.0,116.31750488734245,0.9804375124111182
